Key,Type,Desc,English,Vietnamese,Chinese,Korean,Japanese,Portuguese,Spanish,Indonesian,Turkish,German,French,Italian,Russian,Thai,Hindi
0_SYMBOL_KEY,Text,,"0123456789.,!?:&%/+x","0123456789.,!?:&%/+x","0123456789.,!?:&%/+x","0123456789.,!?:&%/+x","0123456789.,!?:&%/+x","0123456789.,!?:&%/+x","0123456789.,!?:&%/+x","0123456789.,!?:&%/+x","0123456789.,!?:&%/+x","0123456789.,!?:&%/+x","0123456789.,!?:&%/+x","0123456789.,!?:&%/+x","0123456789.,!?:&%/+x","0123456789.,!?:&%/+x","0123456789.,!?:&%/+x"
1FTVVIPMikado-Black SDF,Material,,1FTVVIPMikado-Black SDF Material,1FTVVIPMikado-Black SDF Material,NotoSansSC-ExtraBold SDF Material,KO_JALNANGOTHICTTF SDF Material,JP_FUTEHODO-MARUGOTHIC SDF Material,1FTVVIPMikado-Black SDF Material,1FTVVIPMikado-Black SDF Material,1FTVVIPMikado-Black SDF Material,1FTVVIPMikado-Black SDF Material,1FTVVIPMikado-Black SDF Material,1FTVVIPMikado-Black SDF Material,1FTVVIPMikado-Black SDF Material,movavi-grotesque Material,NOTOSANSTHAI-EXTRABOLD SDF Material,BakbakOne-Regular SDF Material
1FTVVIPMikado-Black SDF-Desc-Black,Material,,1FTVVIPMikado-Black SDF Material Desc Black,1FTVVIPMikado-Black SDF Material Desc Black,NotoSansSC-ExtraBold SDF Material Desc Black,KO_JALNANGOTHICTTF SDF Material Desc Black,JP_FUTEHODO-MARUGOTHIC SDF Material Desc Black,1FTVVIPMikado-Black SDF Material Desc Black,1FTVVIPMikado-Black SDF Material Desc Black,1FTVVIPMikado-Black SDF Material Desc Black,1FTVVIPMikado-Black SDF Material Desc Black,1FTVVIPMikado-Black SDF Material Desc Black,1FTVVIPMikado-Black SDF Material Desc Black,1FTVVIPMikado-Black SDF Material Desc Black,movavi-grotesque Material Desc Black,NOTOSANSTHAI-EXTRABOLD SDF Material Desc Black,BakbakOne-Regular SDF Material Desc Black
1FTVVIPMikado-Black SDF-Desc-Blue,Material,,1FTVVIPMikado-Black SDF Material Desc Blue,1FTVVIPMikado-Black SDF Material Desc Blue,NotoSansSC-ExtraBold SDF Material Desc Blue,KO_JALNANGOTHICTTF SDF Material Desc Blue,JP_FUTEHODO-MARUGOTHIC SDF Material Desc Blue,1FTVVIPMikado-Black SDF Material Desc Blue,1FTVVIPMikado-Black SDF Material Desc Blue,1FTVVIPMikado-Black SDF Material Desc Blue,1FTVVIPMikado-Black SDF Material Desc Blue,1FTVVIPMikado-Black SDF Material Desc Blue,1FTVVIPMikado-Black SDF Material Desc Blue,1FTVVIPMikado-Black SDF Material Desc Blue,movavi-grotesque Material Desc Blue,NOTOSANSTHAI-EXTRABOLD SDF Material Desc Blue,BakbakOne-Regular SDF Material Desc Blue
1FTVVIPMikado-Black SDF-Desc-Brown,Material,,1FTVVIPMikado-Black SDF Material Desc Brown,1FTVVIPMikado-Black SDF Material Desc Brown,NotoSansSC-ExtraBold SDF Material Desc Brown,KO_JALNANGOTHICTTF SDF Material Desc Brown,JP_FUTEHODO-MARUGOTHIC SDF Material Desc Brown,1FTVVIPMikado-Black SDF Material Desc Brown,1FTVVIPMikado-Black SDF Material Desc Brown,1FTVVIPMikado-Black SDF Material Desc Brown,1FTVVIPMikado-Black SDF Material Desc Brown,1FTVVIPMikado-Black SDF Material Desc Brown,1FTVVIPMikado-Black SDF Material Desc Brown,1FTVVIPMikado-Black SDF Material Desc Brown,movavi-grotesque Material Desc Brown,NOTOSANSTHAI-EXTRABOLD SDF Material Desc Brown,BakbakOne-Regular SDF Material Desc Brown
1FTVVIPMikado-Black SDF-Desc-Gray,Material,,1FTVVIPMikado-Black SDF Material Desc Gray,1FTVVIPMikado-Black SDF Material Desc Gray,NotoSansSC-ExtraBold SDF Material Desc Gray,KO_JALNANGOTHICTTF SDF Material Desc Gray,JP_FUTEHODO-MARUGOTHIC SDF Material Desc Gray,1FTVVIPMikado-Black SDF Material Desc Gray,1FTVVIPMikado-Black SDF Material Desc Gray,1FTVVIPMikado-Black SDF Material Desc Gray,1FTVVIPMikado-Black SDF Material Desc Gray,1FTVVIPMikado-Black SDF Material Desc Gray,1FTVVIPMikado-Black SDF Material Desc Gray,1FTVVIPMikado-Black SDF Material Desc Gray,movavi-grotesque Material Desc Gray,NOTOSANSTHAI-EXTRABOLD SDF Material Desc Gray,BakbakOne-Regular SDF Material Desc Gray
1FTVVIPMikado-Black SDF-Desc-Green,Material,,1FTVVIPMikado-Black SDF Material Desc Green,1FTVVIPMikado-Black SDF Material Desc Green,NotoSansSC-ExtraBold SDF Material Desc Green,KO_JALNANGOTHICTTF SDF Material Desc Green,JP_FUTEHODO-MARUGOTHIC SDF Material Desc Green,1FTVVIPMikado-Black SDF Material Desc Green,1FTVVIPMikado-Black SDF Material Desc Green,1FTVVIPMikado-Black SDF Material Desc Green,1FTVVIPMikado-Black SDF Material Desc Green,1FTVVIPMikado-Black SDF Material Desc Green,1FTVVIPMikado-Black SDF Material Desc Green,1FTVVIPMikado-Black SDF Material Desc Green,movavi-grotesque Material Desc Green,NOTOSANSTHAI-EXTRABOLD SDF Material Desc Green,BakbakOne-Regular SDF Material Desc Green
1FTVVIPMikado-Black SDF-Desc-Pink,Material,,1FTVVIPMikado-Black SDF Material Desc Pink,1FTVVIPMikado-Black SDF Material Desc Pink,NotoSansSC-ExtraBold SDF Material Desc Pink,KO_JALNANGOTHICTTF SDF Material Desc Pink,JP_FUTEHODO-MARUGOTHIC SDF Material Desc Pink,1FTVVIPMikado-Black SDF Material Desc Pink,1FTVVIPMikado-Black SDF Material Desc Pink,1FTVVIPMikado-Black SDF Material Desc Pink,1FTVVIPMikado-Black SDF Material Desc Pink,1FTVVIPMikado-Black SDF Material Desc Pink,1FTVVIPMikado-Black SDF Material Desc Pink,1FTVVIPMikado-Black SDF Material Desc Pink,movavi-grotesque Material Desc Pink,NOTOSANSTHAI-EXTRABOLD SDF Material Desc Pink,BakbakOne-Regular SDF Material Desc Pink
1FTVVIPMikado-Black SDF-Desc-Purple,Material,,1FTVVIPMikado-Black SDF Material Desc Purple,1FTVVIPMikado-Black SDF Material Desc Purple,NotoSansSC-ExtraBold SDF Material Desc Purple,KO_JALNANGOTHICTTF SDF Material Desc Purple,JP_FUTEHODO-MARUGOTHIC SDF Material Desc Purple,1FTVVIPMikado-Black SDF Material Desc Purple,1FTVVIPMikado-Black SDF Material Desc Purple,1FTVVIPMikado-Black SDF Material Desc Purple,1FTVVIPMikado-Black SDF Material Desc Purple,1FTVVIPMikado-Black SDF Material Desc Purple,1FTVVIPMikado-Black SDF Material Desc Purple,1FTVVIPMikado-Black SDF Material Desc Purple,movavi-grotesque Material Desc Purple,NOTOSANSTHAI-EXTRABOLD SDF Material Desc Purple,BakbakOne-Regular SDF Material Desc Purple
1FTVVIPMikado-Black SDF-Desc-Red,Material,,1FTVVIPMikado-Black SDF Material Desc Red,1FTVVIPMikado-Black SDF Material Desc Red,NotoSansSC-ExtraBold SDF Material Desc Red,KO_JALNANGOTHICTTF SDF Material Desc Red,JP_FUTEHODO-MARUGOTHIC SDF Material Desc Red,1FTVVIPMikado-Black SDF Material Desc Red,1FTVVIPMikado-Black SDF Material Desc Red,1FTVVIPMikado-Black SDF Material Desc Red,1FTVVIPMikado-Black SDF Material Desc Red,1FTVVIPMikado-Black SDF Material Desc Red,1FTVVIPMikado-Black SDF Material Desc Red,1FTVVIPMikado-Black SDF Material Desc Red,movavi-grotesque Material Desc Red,NOTOSANSTHAI-EXTRABOLD SDF Material Desc Red,BakbakOne-Regular SDF Material Desc Red
1FTVVIPMikado-Black SDF-Desc-Yellow,Material,,1FTVVIPMikado-Black SDF Material Desc Yellow,1FTVVIPMikado-Black SDF Material Desc Yellow,NotoSansSC-ExtraBold SDF Material Desc Yellow,KO_JALNANGOTHICTTF SDF Material Desc Yellow,JP_FUTEHODO-MARUGOTHIC SDF Material Desc Yellow,1FTVVIPMikado-Black SDF Material Desc Yellow,1FTVVIPMikado-Black SDF Material Desc Yellow,1FTVVIPMikado-Black SDF Material Desc Yellow,1FTVVIPMikado-Black SDF Material Desc Yellow,1FTVVIPMikado-Black SDF Material Desc Yellow,1FTVVIPMikado-Black SDF Material Desc Yellow,1FTVVIPMikado-Black SDF Material Desc Yellow,movavi-grotesque Material Desc Yellow,NOTOSANSTHAI-EXTRABOLD SDF Material Desc Yellow,BakbakOne-Regular SDF Material Desc Yellow
1FTVVIPMikado-Black SDF-Title-Big,Material,,1FTVVIPMikado-Black SDF Material Title Big,1FTVVIPMikado-Black SDF Material Title Big,NotoSansSC-ExtraBold SDF Material Title Big,KO_JALNANGOTHICTTF SDF Material Title Big,JP_FUTEHODO-MARUGOTHIC SDF Material Title Big,1FTVVIPMikado-Black SDF Material Title Big,1FTVVIPMikado-Black SDF Material Title Big,1FTVVIPMikado-Black SDF Material Title Big,1FTVVIPMikado-Black SDF Material Title Big,1FTVVIPMikado-Black SDF Material Title Big,1FTVVIPMikado-Black SDF Material Title Big,1FTVVIPMikado-Black SDF Material Title Big,movavi-grotesque Material Title Big,NOTOSANSTHAI-EXTRABOLD SDF Material Title Big,BakbakOne-Regular SDF Material Title Big
1FTVVIPMikado-Black SDF-Title-Black,Material,,1FTVVIPMikado-Black SDF Material Title Black,1FTVVIPMikado-Black SDF Material Title Black,NotoSansSC-ExtraBold SDF Material Title Black,KO_JALNANGOTHICTTF SDF Material Title Black,JP_FUTEHODO-MARUGOTHIC SDF Material Title Black,1FTVVIPMikado-Black SDF Material Title Black,1FTVVIPMikado-Black SDF Material Title Black,1FTVVIPMikado-Black SDF Material Title Black,1FTVVIPMikado-Black SDF Material Title Black,1FTVVIPMikado-Black SDF Material Title Black,1FTVVIPMikado-Black SDF Material Title Black,1FTVVIPMikado-Black SDF Material Title Black,movavi-grotesque Material Title Black,NOTOSANSTHAI-EXTRABOLD SDF Material Title Black,BakbakOne-Regular SDF Material Title Black
1FTVVIPMikado-Black SDF-Title-Blue,Material,,1FTVVIPMikado-Black SDF Material Title Blue,1FTVVIPMikado-Black SDF Material Title Blue,NotoSansSC-ExtraBold SDF Material Title Blue,KO_JALNANGOTHICTTF SDF Material Title Blue,JP_FUTEHODO-MARUGOTHIC SDF Material Title Blue,1FTVVIPMikado-Black SDF Material Title Blue,1FTVVIPMikado-Black SDF Material Title Blue,1FTVVIPMikado-Black SDF Material Title Blue,1FTVVIPMikado-Black SDF Material Title Blue,1FTVVIPMikado-Black SDF Material Title Blue,1FTVVIPMikado-Black SDF Material Title Blue,1FTVVIPMikado-Black SDF Material Title Blue,movavi-grotesque Material Title Blue,NOTOSANSTHAI-EXTRABOLD SDF Material Title Blue,BakbakOne-Regular SDF Material Title Blue
1FTVVIPMikado-Black SDF-Title-Brown,Material,,1FTVVIPMikado-Black SDF Material Title Brown,1FTVVIPMikado-Black SDF Material Title Brown,NotoSansSC-ExtraBold SDF Material Title Brown,KO_JALNANGOTHICTTF SDF Material Title Brown,JP_FUTEHODO-MARUGOTHIC SDF Material Title Brown,1FTVVIPMikado-Black SDF Material Title Brown,1FTVVIPMikado-Black SDF Material Title Brown,1FTVVIPMikado-Black SDF Material Title Brown,1FTVVIPMikado-Black SDF Material Title Brown,1FTVVIPMikado-Black SDF Material Title Brown,1FTVVIPMikado-Black SDF Material Title Brown,1FTVVIPMikado-Black SDF Material Title Brown,movavi-grotesque Material Title Brown,NOTOSANSTHAI-EXTRABOLD SDF Material Title Brown,BakbakOne-Regular SDF Material Title Brown
1FTVVIPMikado-Black SDF-Title-Gray,Material,,1FTVVIPMikado-Black SDF Material Title Gray,1FTVVIPMikado-Black SDF Material Title Gray,NotoSansSC-ExtraBold SDF Material Title Gray,KO_JALNANGOTHICTTF SDF Material Title Gray,JP_FUTEHODO-MARUGOTHIC SDF Material Title Gray,1FTVVIPMikado-Black SDF Material Title Gray,1FTVVIPMikado-Black SDF Material Title Gray,1FTVVIPMikado-Black SDF Material Title Gray,1FTVVIPMikado-Black SDF Material Title Gray,1FTVVIPMikado-Black SDF Material Title Gray,1FTVVIPMikado-Black SDF Material Title Gray,1FTVVIPMikado-Black SDF Material Title Gray,movavi-grotesque Material Title Gray,NOTOSANSTHAI-EXTRABOLD SDF Material Title Gray,BakbakOne-Regular SDF Material Title Gray
1FTVVIPMikado-Black SDF-Title-Green,Material,,1FTVVIPMikado-Black SDF Material Title Green,1FTVVIPMikado-Black SDF Material Title Green,NotoSansSC-ExtraBold SDF Material Title Green,KO_JALNANGOTHICTTF SDF Material Title Green,JP_FUTEHODO-MARUGOTHIC SDF Material Title Green,1FTVVIPMikado-Black SDF Material Title Green,1FTVVIPMikado-Black SDF Material Title Green,1FTVVIPMikado-Black SDF Material Title Green,1FTVVIPMikado-Black SDF Material Title Green,1FTVVIPMikado-Black SDF Material Title Green,1FTVVIPMikado-Black SDF Material Title Green,1FTVVIPMikado-Black SDF Material Title Green,movavi-grotesque Material Title Green,NOTOSANSTHAI-EXTRABOLD SDF Material Title Green,BakbakOne-Regular SDF Material Title Green
1FTVVIPMikado-Black SDF-Title-Pink,Material,,1FTVVIPMikado-Black SDF Material Title Pink,1FTVVIPMikado-Black SDF Material Title Pink,NotoSansSC-ExtraBold SDF Material Title Pink,KO_JALNANGOTHICTTF SDF Material Title Pink,JP_FUTEHODO-MARUGOTHIC SDF Material Title Pink,1FTVVIPMikado-Black SDF Material Title Pink,1FTVVIPMikado-Black SDF Material Title Pink,1FTVVIPMikado-Black SDF Material Title Pink,1FTVVIPMikado-Black SDF Material Title Pink,1FTVVIPMikado-Black SDF Material Title Pink,1FTVVIPMikado-Black SDF Material Title Pink,1FTVVIPMikado-Black SDF Material Title Pink,movavi-grotesque Material Title Pink,NOTOSANSTHAI-EXTRABOLD SDF Material Title Pink,BakbakOne-Regular SDF Material Title Pink
1FTVVIPMikado-Black SDF-Title-Purple,Material,,1FTVVIPMikado-Black SDF Material Title Purple,1FTVVIPMikado-Black SDF Material Title Purple,NotoSansSC-ExtraBold SDF Material Title Purple,KO_JALNANGOTHICTTF SDF Material Title Purple,JP_FUTEHODO-MARUGOTHIC SDF Material Title Purple,1FTVVIPMikado-Black SDF Material Title Purple,1FTVVIPMikado-Black SDF Material Title Purple,1FTVVIPMikado-Black SDF Material Title Purple,1FTVVIPMikado-Black SDF Material Title Purple,1FTVVIPMikado-Black SDF Material Title Purple,1FTVVIPMikado-Black SDF Material Title Purple,1FTVVIPMikado-Black SDF Material Title Purple,movavi-grotesque Material Title Purple,NOTOSANSTHAI-EXTRABOLD SDF Material Title Purple,BakbakOne-Regular SDF Material Title Purple
1FTVVIPMikado-Black SDF-Title-Red,Material,,1FTVVIPMikado-Black SDF Material Title Red,1FTVVIPMikado-Black SDF Material Title Red,NotoSansSC-ExtraBold SDF Material Title Red,KO_JALNANGOTHICTTF SDF Material Title Red,JP_FUTEHODO-MARUGOTHIC SDF Material Title Red,1FTVVIPMikado-Black SDF Material Title Red,1FTVVIPMikado-Black SDF Material Title Red,1FTVVIPMikado-Black SDF Material Title Red,1FTVVIPMikado-Black SDF Material Title Red,1FTVVIPMikado-Black SDF Material Title Red,1FTVVIPMikado-Black SDF Material Title Red,1FTVVIPMikado-Black SDF Material Title Red,movavi-grotesque Material Title Red,NOTOSANSTHAI-EXTRABOLD SDF Material Title Red,BakbakOne-Regular SDF Material Title Red
1FTVVIPMikado-Black SDF-Title-Yellow,Material,,1FTVVIPMikado-Black SDF Material Title Yellow,1FTVVIPMikado-Black SDF Material Title Yellow,NotoSansSC-ExtraBold SDF Material Title Yellow,KO_JALNANGOTHICTTF SDF Material Title Yellow,JP_FUTEHODO-MARUGOTHIC SDF Material Title Yellow,1FTVVIPMikado-Black SDF Material Title Yellow,1FTVVIPMikado-Black SDF Material Title Yellow,1FTVVIPMikado-Black SDF Material Title Yellow,1FTVVIPMikado-Black SDF Material Title Yellow,1FTVVIPMikado-Black SDF Material Title Yellow,1FTVVIPMikado-Black SDF Material Title Yellow,1FTVVIPMikado-Black SDF Material Title Yellow,movavi-grotesque Material Title Yellow,NOTOSANSTHAI-EXTRABOLD SDF Material Title Yellow,BakbakOne-Regular SDF Material Title Yellow
Add 1 tray to continue!,Text,,Add <color=#1AA41D>1 tray</color> to continue!,Thêm <color=#1AA41D>1 khay</color> để tiếp tục!,添加<color=#1AA41D>1个托盘</color>以继续！,계속하려면 <color=#1AA41D>트레이 1개</color>를 추가하세요!,<color=#1AA41D>トレイを1つ</color>追加して続行！,Adicione <color=#1AA41D>1 bandeja</color> para continuar!,¡Agrega <color=#1AA41D>1 bandeja</color> para continuar!,Tambahkan <color=#1AA41D>1 baki</color> untuk melanjutkan!,Devam etmek için <color=#1AA41D>1 tepsi</color> ekleyin!,Füge <color=#1AA41D>1 Tablett</color> zum Fortfahren hinzu!,Ajoutez <color=#1AA41D>1 plateau</color> pour continuer !,Aggiungi <color=#1AA41D>1 vassoio</color> per continuare!,"Добавьте <color=#1AA41D>1 поднос</color>, чтобы продолжить!",เพิ่ม <color=#1AA41D>1 ถาด</color> เพื่อดำเนินการต่อ!,<color=#1AA41D>1 ट्रे</color> जोड़ें जारी रखने के लिए!
Add Plate!,Text,,Add Plate!,Thêm đĩa!,添加盘子！,접시 추가!,皿を追加！,Adicionar prato!,¡Agregar plato!,Tambah piring!,Tabak ekle!,Teller hinzufügen!,Ajouter une assiette!,Aggiungi piatto!,Добавить тарелку!,เพิ่มจาน!,प्लेट जोड़ें!
Add Tray!,Text,,Add Tray!,Thêm khay!,添加托盘！,트레이 추가!,トレイを追加！,Adicionar bandeja!,¡Agregar bandeja!,Tambah baki!,Tepsi ekle!,Tablett hinzufügen!,Ajouter un plateau!,Aggiungi vassoio!,Добавить поднос!,เพิ่มถาด!,ट्रे जोड़ें!
Add one plate!,Text,,Add one plate!,Thêm một đĩa!,添加一个盘子！,접시 하나 추가!,皿を1枚追加！,Adicionar um prato!,¡Agregar un plato!,Tambah satu piring!,Bir tabak ekle!,Einen Teller hinzufügen!,Ajouter une assiette!,Aggiungi un piatto!,Добавить одну тарелку!,เพิ่มจานหนึ่งใบ!,एक प्लेट जोड़ें!
Are You Sure!,Text,,Are You Sure!,Bạn có chắc không!,你确定吗！,정말로 하시겠습니까!,本当によろしいですか！,Tem certeza?,¿Estás seguro?,Apakah Anda yakin?,Emin misiniz?,Bist du sicher?,Êtes-vous sûr ?,Sei sicuro?,Вы уверены?,แน่ใจไหม!,क्या आपको यकीन है!
Bacon,Text,,Bacon,Thịt xông khói,培根,베이컨,ベーコン,Bacon,Tocino,Bacon,Domuz pastırması,Speck,Bacon,Pancetta,Бекон,เบคอน,बेकन
Beer,Text,,Beer,Bia,啤酒,맥주,ビール,Cerveja,Cerveza,Bir,Bira,Bier,Bière,Birra,Пиво,เบียร์,बीयर
Birthday,Text,,Birthday,Sinh nhật,生日,생일,誕生日,Aniversário,Cumpleaños,Ulang tahun,Doğum günü,Geburtstag,Anniversaire,Compleanno,День рождения,วันเกิด,जन्मदिन
Bomb!,Text,,Bomb!,Bom!,炸弹！,폭탄!,ボム！,Bomba!,¡Bomba!,Bom!,Bomba!,Bombe!,Bombe!,Bomba!,Бомба!,ระเบิด!,बम!
Breakfast,Text,,Breakfast,Bữa sáng,早餐,아침식사,朝食,Café da manhã,Desayuno,Sarapan,Kahvaltı,Frühstück,Petit-déjeuner,Colazione,Завтрак,อาหารเช้า,नाश्ता
Cappucino,Text,,Cappucino,Cà phê cappuccino,卡布奇诺,카푸치노,カプチーノ,Cappuccino,Cappuccino,Kopi cappucino,Kapuçino,Cappuccino,Cappuccino,Cappuccino,Капучино,คาปูชิโน่,कैपुचीनो
Card Collection,Text,,Card Collection,Bộ sưu tập thẻ,卡片收藏,카드 컬렉션,カードコレクション,Coleção de cartas,Colección de cartas,Koleksi Kartu,Kart Koleksiyonu,Kartensammlung,Collection de cartes,Collezione carte,Коллекция карт,การ์ดสะสม,कार्ड संग्रह
Card Star,Text,,Card Star,Thẻ sao,星卡,카드 스타,カードスター,Estrela do Cartão,Estrella de Carta,Kartu Bintang,Kart Yıldızı,Kartenstern,Étoile de Carte,Stella della Carta,Звезда карты,สตาร์การ์ด,कार्ड स्टार
Chicken,Text,,Chicken,Thịt gà,鸡肉,닭고기,チキン,Frango,Pollo,Ayam,Tavuk,Hähnchen,Poulet,Pollo,Курица,ไก่,चिकन
Chinese,Text,,Chinese,Tiếng Trung,中文,중국어,中国語,Chinês,Chino,Bahasa Tionghoa,Çince,Chinesisch,Chinois,Cinese,Китайский,จีน,चीनी
Chocolate,Text,,Chocolate,Sô cô la,巧克力,초콜릿,チョコレート,Chocolate,Chocolate,Cokelat,Çikolata,Schokolade,Chocolat,Cioccolato,Шоколад,ช็อกโกแลต,चॉकलेट
Claim,Text,,Claim,Nhận,领取,받기,受け取る,Resgatar,Reclamar,Klaim,Talep Et,Beanspruchen,Réclamer,Riscatta,Получить,รับสิทธิ์,क्लेम करें
Claimed,Text,,Claimed,Đã nhận,已领取,획득 완료,受け取り済み,Resgatado,Reclamado,Sudah diambil,Alındı,Eingesammelt,Réclamé,Riscattato,Получено,รับแล้ว,प्राप्त किया गया
Clear all plates!,Text,,Clear all plates!,Xóa tất cả đĩa!,清空所有盘子！,모든 접시 비우기!,すべての皿をクリア！,Limpar todos os pratos!,¡Limpiar todos los platos!,Bersihkan semua piring!,Tüm tabakları temizle!,Alle Teller leeren!,Effacer toutes les assiettes!,Svuota tutti i piatti!,Очистить все тарелки!,เคลียร์จานทั้งหมด!,सभी प्लेट साफ़ करें!
Cocoa,Text,,Cocoa,Ca cao,可可,코코아,ココア,Cacau,Cacao,Kakao,Kakao,Kakao,Kakao,Cacao,Какао,โกโก้,कोकोआ
Coconut,Text,,Coconut,Dừa,椰子,코코넛,ココナッツ,Coco,Coco,Kelapa,Hindistancevizi,Kokosnuss,Noix de coco,Cocco,Кокос,มะพร้าว,नारियल
Coffee,Text,,Coffee,Cà phê,咖啡,커피,コーヒー,Café,Café,Kopi,Kahve,Kaffee,Café,Caffè,Кофе,กาแฟ,कॉफी
Collect card packs from amazing events and chest!,Text,,Collect card packs from amazing events and chest!,Thu thập gói thẻ từ các sự kiện và rương tuyệt vời!,从精彩活动和宝箱中收集卡包！,이벤트와 멋진 상자에서 카드 팩을 모으세요!,素晴らしいイベントや宝箱からカードパックを集めよう！,Colete pacotes de cartas de eventos incríveis e baús!,¡Consigue paquetes de cartas de eventos y cofres increíbles!,Kumpulkan paket kartu dari acara menakjubkan dan peti!,Harika etkinlikler ve sandıklardan kart paketleri topla!,Sammle Kartenpakete aus tollen Events und Truhen!,Collectez des paquets de cartes lors d'événements et coffres formidables !,Raccogli pacchetti di carte da eventi fantastici e forzieri!,Собирайте наборы карт с удивительных событий и сундуков!,รับซองการ์ดจากอีเวนต์และหีบสมบัติแสนสนุก!,शानदार इवेंट्स और चेस्ट से कार्ड पैक इकट्ठा करें!
CollectGoldenChicken,Text,,Collect <color=#FFE92B>Golden chicken thighs</color> to open and claim rewards!,Thu thập <color=#FFE92B>đùi gà vàng</color> để mở và nhận phần thưởng!,收集<color=#FFE92B>金鸡腿</color>以开启并领取奖励！,<color=#FFE92B>황금 닭다리</color>를 모아 보상을 받으세요!,<color=#FFE92B>金のチキンドラム</color>を集めて報酬を獲得しよう！,Colete <color=#FFE92B>coxas de frango douradas</color> para abrir e resgatar recompensas!,¡Consigue <color=#FFE92B>muslos de pollo dorados</color> para abrir y reclamar recompensas!,Kumpulkan <color=#FFE92B>paha ayam emas</color> untuk membuka dan klaim hadiah!,<color=#FFE92B>Altın tavuk butları</color> topla ve ödüller kazan!,"Sammle <color=#FFE92B>goldene Hähnchenschenkel</color>, um Belohnungen zu erhalten!",Collectez des <color=#FFE92B>cuisses de poulet dorées</color> pour ouvrir et réclamer des récompenses !,Raccogli <color=#FFE92B>cosce di pollo dorate</color> per sbloccare e riscattare ricompense!,"Получайте <color=#FFE92B>золотые куриные ножки</color>, чтобы получать награды!",เก็บ <color=#FFE92B>น่องไก่ทองคำ</color> เพื่อเปิดและรับรางวัล!,<color=#FFE92B>गोल्डन चिकन थेईज</color> जमा करें और इनाम पाएं!
Collection,Text,,Collection,Bộ sưu tập,收藏,컬렉션,コレクション,Coleção,Colección,Koleksi,Koleksiyon,Sammlung,Collection,Collezione,Коллекция,คอลเลกชัน,कलेक्शन
Combo,Text,,Combo {[VALUE]},Chuỗi {[VALUE]},连击 {[VALUE]},콤보 {[VALUE]},コンボ {[VALUE]},Combo {[VALUE]},Combo {[VALUE]},Kombo {[VALUE]},Kombinasyon {[VALUE]},Kombination {[VALUE]},Combo {[VALUE]},Combinazione {[VALUE]},Комбо {[VALUE]},คอมโบ {[VALUE]},कॉम्बो {[VALUE]}
Come back later!,Text,,Come back later!,Hãy quay lại sau!,请稍后再来！,나중에 다시 오세요!,後でもう一度来てね！,Volte mais tarde!,¡Vuelve más tarde!,Kembali lagi nanti!,Daha sonra tekrar gel!,Komm später wieder!,Revenez plus tard !,Torna più tardi!,Загляни позже!,กลับมาใหม่ภายหลัง!,बाद में वापस आओ!
Coming soon,Text,,Coming soon,Sắp ra mắt,即将推出,곧 출시됩니다,近日登場,Em breve,Próximamente,Segera hadir,Yakında geliyor,Demnächst,Bientôt disponible,Prossimamente,Скоро будет!,เร็วๆ นี้,जल्द आ रहा है
Complete all sets to claim collection rewards and Grill Badge!,Text,,Complete all sets to claim collection rewards and Grill Badge!,Hoàn thành tất cả bộ sưu tập để nhận phần thưởng và Huy hiệu Nướng!,完成所有套装以领取收藏奖励和烤架徽章！,모든 세트를 완성하여 보상과 그릴 배지를 받으세요!,すべてのセットを完成させてコレクション報酬とグリルバッジを手に入れよう！,Complete todos os conjuntos para receber recompensas de coleção e o Distintivo da Grelha!,¡Completa todos los sets para reclamar las recompensas de colección y la Insignia de la Parrilla!,Lengkapi semua set untuk mendapatkan hadiah koleksi dan Lencana Pemanggang!,Tüm setleri tamamlayıp koleksiyon ödülleri ve ızgara rozetini kazan!,"Schließe alle Sets ab, um Sammlungsbelohnungen und das Grillabzeichen zu erhalten!",Complétez tous les ensembles pour obtenir les récompenses de collection et le badge du grill !,Completa tutti i set per ottenere premi collezione e il distintivo del grill!,"Соберите все комплекты, чтобы получить награды коллекции и значок гриля!",ทำชุดทั้งหมดให้ครบเพื่อรับรางวัลสะสมและตราเตาย่าง!,सभी सेट पूरे करें और कलेक्शन रिवॉर्ड्स तथा ग्रिल बैज प्राप्त करें!
Connection Lose,Text,,Connection Lost,Mất kết nối,连接已断开,연결이 끊어졌습니다,接続が失われました,Conexão perdida,Conexión perdida,Koneksi terputus,Bağlantı kesildi,Verbindung verloren,Connexion perdue,Connessione persa,Соединение потеряно,การเชื่อมต่อหลุด,कनेक्शन टूट गया
Continue,Text,,Continue,Tiếp tục,继续,계속,続ける,Continuar,Continuar,Lanjutkan,Devam Et,Weiter,Continuer,Continua,Продолжить,ดำเนินการต่อ,जारी रखें
Continue level for FREE,Text,,Continue level for <color=#FFDE00>FREE</color>,Tiếp tục màn chơi <color=#FFDE00>MIỄN PHÍ</color>,<color=#FFDE00>免费</color>继续关卡,<color=#FFDE00>무료</color>로 레벨 계속,<color=#FFDE00>無料</color>でレベルを続行,Continuar nível <color=#FFDE00>GRÁTIS</color>,Continuar nivel <color=#FFDE00>GRATIS</color>,Lanjutkan level <color=#FFDE00>GRATIS</color>,Seviyeye <color=#FFDE00>ÜCRETSİZ</color> devam et,<color=#FFDE00>KOSTENLOS</color> Level fortsetzen,Niveau <color=#FFDE00>GRATUIT</color> continuer,Continua il livello <color=#FFDE00>GRATIS</color>,Продолжить уровень <color=#FFDE00>БЕСПЛАТНО</color>,เล่นต่อด่านนี้<color=#FFDE00>ฟรี</color>,लेवल <color=#FFDE00>फ्री</color> में जारी रखें
Conveyor,Text,,Conveyor,Băng chuyền,传送带,컨베이어,コンベア,Esteira,Transportador,Konveyor,Taşıyıcı,Förderband,Convoyeur,Nastro trasportatore,Конвейер,สายพาน,कन्वेयर
Cooking,Text,,Cooking,Nấu ăn,烹饪,요리,料理,Cozinhando,Cocinando,Memasak,Pişirme,Kochen,Cuisson,Cucinare,Готовка,การทำอาหาร,खाना बनाना
Cooking Pot,Text,,Cooking Pot,Nồi nấu ăn,锅,냄비,鍋,Panela,Olla,Panci Masak,Pişirme Tenceresi,Kochtopf,Casserole,Pentola,Кастрюля,หม้อ,कुकर
Crab,Text,,Crab,Cua,螃蟹,게,カニ,Caranguejo,Cangrejo,Kepiting,Yengeç,Krabbe,Crabe,Granchio,Краб,ปู,केकड़ा
Cup Cake,Text,,Cup Cake,Bánh cupcake,杯子蛋糕,컵케이크,カップケーキ,Cupcake,Cupcake,Kue Mangkok,Kupkek,Cupcake,Cupcake,Cupcake,Кекс,คัพเค้ก,कपकेक
Cutlery,Text,,Cutlery,Dụng cụ ăn,餐具,식기,カトラリー,Talheres,Cubiertos,Peralatan Makan,Çatal bıçak takımı,Besteck,Couverts,Posate,Столовые приборы,ช้อนส้อม,कटलरी
Dinner,Text,,Dinner,Bữa tối,晚餐,저녁,ディナー,Jantar,Cena,Makan malam,Akşam yemeği,Abendessen,Dîner,Cena,Ужин,อาหารเย็น,डिनर
Do you want to skip?,Text,,Do you want to skip?,Bạn có muốn bỏ qua không?,要跳过吗？,건너뛸까요?,スキップしますか？,Deseja pular?,¿Quieres saltar?,Ingin melewati?,Atlamak istiyor musun?,Möchtest du überspringen?,Voulez-vous passer ?,Vuoi saltare?,Вы хотите пропустить?,คุณต้องการข้ามไหม?,क्या आप आगे बढ़ना चाहते हैं?
Drinks,Text,,Drinks,Đồ uống,饮料,음료,ドリンク,Bebidas,Bebidas,Minuman,İçecekler,Getränke,Boissons,Bevande,Напитки,เครื่องดื่ม,पेय पदार्थ
Earn awesome rewards,Text,,Earn awesome rewards,Nhận phần thưởng hấp dẫn,赢取精彩奖励,멋진 보상을 받으세요,素晴らしい報酬を獲得しよう！,Ganhe recompensas incríveis,¡Gana increíbles recompensas!,Dapatkan hadiah menakjubkan,Harika ödüller kazanın,Erhalte tolle Belohnungen,Obtenez des récompenses géniales,Ottieni ricompense fantastiche,Получите потрясающие награды,รับรางวัลเจ๋งๆ,शानदार पुरस्कार अर्जित करें
Eliminate Octochef immediately!,Text,,Eliminate Octochef immediately!,Loại bỏ Octochef ngay lập tức!,立即消灭章鱼厨师！,즉시 Octochef를 제거하세요!,今すぐOctochefを倒そう！,Elimine Octochef imediatamente!,¡Elimina a Octochef de inmediato!,Segera singkirkan Octochef!,Hemen Octochef'i ortadan kaldırın!,Eliminiert Octochef sofort!,Éliminez Octochef immédiatement !,Elimina immediatamente Octochef!,Устраните Octochef немедленно!,กำจัด Octochef ทันที!,ऑक्टोशेफ को तुरंत समाप्त करें!
English,Text,,English,Tiếng Anh,英语,영어,英語,Inglês,Inglés,Bahasa Inggris,İngilizce,Englisch,Anglais,Inglese,Английский,อังกฤษ,अंग्रेज़ी
"Fail to sort items within 2 moves, the ice will grow thicker!",Text,,"Fail to sort items within 2 moves, the ice will grow thicker!","Không sắp xếp trong 2 lượt, băng sẽ dày thêm!",2步内未排序，冰层会变厚！,2턴 안에 정리하지 않으면 얼음이 두꺼워집니다!,2手以内に並べないと氷が厚くなります！,"Falha ao ordenar os itens em 2 jogadas, o gelo ficará mais grosso!","¡Si no organizas los objetos en 2 jugadas, el hielo será más grueso!","Jika tidak mengurutkan item dalam 2 langkah, es akan menjadi lebih tebal!",Düzenleme yapmazsanız 2 hamlede buz daha da kalınlaşır!,"Wenn du die Gegenstände nicht innerhalb von 2 Zügen sortierst, wird das Eis dicker!","Si vous ne triez pas les objets en 2 coups, la glace s'épaissira !","Se non ordini gli oggetti entro 2 mosse, il ghiaccio si ispessirà!",Не отсортируете предметы за 2 хода — лёд станет толще!,หากจัดเรียงรายการไม่ทันใน 2 ครั้ง น้ำแข็งจะหนาขึ้น!,अगर 2 चालों में वस्तुएं नहीं सुलझाईं तो बर्फ और मोटी होगी!
Fill the bar,Text,,Fill the bar,Làm đầy thanh,填满进度条,막대를 채우세요,バーを満たす,Preencha a barra,Llena la barra,Isi bar,Çubuğu doldur,Leiste füllen,Remplissez la barre,Riempi la barra,Заполните шкалу,เติมแถบ,बार को भरें
Finish an order!,Text,,Finish an order!,Hoàn thành một đơn hàng!,完成一个订单！,주문을 완료하세요!,注文を完了しよう！,Conclua um pedido!,¡Completa un pedido!,Termine um pedido!,Siparişi tamamla!,Schließe eine Bestellung ab!,Terminez une commande !,Completa un ordine!,Завершите заказ!,สิ้นสุดออร์เดอร์!,एक ऑर्डर पूरा करें!
Fish,Text,,Fish,Cá,鱼,생선,魚,Peixe,Pez,Ikan,Balık,Vis,Poisson,Pesce,Рыба,ปลา,मछली
Food,Text,,Food,Thức ăn,食物,음식,食べ物,Comida,Comida,Makanan,Yemek,Essen,Nourriture,Cibo,Пища,อาหาร,खाना
Food Box,Text,,Food Box,Hộp thức ăn,食盒,푸드 박스,フードボックス,Caixa de comida,Caja de comida,Box makanan,Yemek Kutusu,Essensbox,Boîte alimentaire,Scatola di cibo,Коробка для еды,กล่องอาหาร,फूड बॉक्स
Free,Text,,Free,Miễn phí,免费,무료,無料,Grátis,Gratis,Gratis,Ücretsiz,Kostenlos,Gratuit,Gratis,Бесплатно,ฟรี,नि:शुल्क
Free 1 Life,Text,,Free 1 Life,Tặng 1 mạng miễn phí,免费获得1条命,무료로 1 생명,無料で1ライフ,1 Vida Grátis,1 Vida Gratis,1 nyawa gratis,Ücretsiz 1 Can,1 Leben gratis,1 vie gratuite,1 vita gratis,Бесплатно 1 жизнь,ฟรี 1 ชีวิต,नि:शुल्क 1 जीवन
Freeze,Text,,Freeze,Đóng băng,冻结,얼음,フリーズ,Congelar,Congelar,Beku,Dondur,Einfrieren,Geler,Congelare,Заморозить,แช่แข็ง,फ्रीज
French,Text,,French,Tiếng Pháp,法语,프랑스어,フランス語,Francês,Francés,Prancis,Fransızca,Französisch,Français,Francese,Французский,ฝรั่งเศส,फ़्रेंच
Fried Chicken,Text,,Fried Chicken,Gà rán,炸鸡,프라이드치킨,フライドチキン,Frango Frito,Pollo Frito,Ayam Goreng,Kızarmış Tavuk,Brathähnchen,Poulet frit,Pollo fritto,Жареная курица,ไก่ทอด,फ्राइड चिकन
Frozen items can't be moved. Complete order in the same tray to melt!,Text,,Frozen items can't be moved. Complete order in the same tray to melt!,Món bị đóng băng không thể di chuyển. Hoàn thành đơn hàng trong cùng khay để làm tan băng!,冻结物品无法移动。在同一个托盘中完成订单以解冻！,얼어붙은 아이템은 이동할 수 없습니다. 같은 트레이에서 주문을 완료하여 해동하세요!,凍ったアイテムは動かせません。同じトレイで注文を完成させて溶かそう！,Itens congelados não podem ser movidos. Complete o pedido na mesma bandeja para descongelar!,¡Los objetos congelados no se pueden mover! Completa el pedido en la misma bandeja para descongelar.,Item beku tidak dapat dipindahkan. Selesaikan pesanan di baki yang sama untuk mencairkannya!,"Donmuş eşyalar taşınamaz. Siparişi aynı tepside tamamlayın, böylece çözülecek!","Gefrorene Gegenstände können nicht bewegt werden. Schließe die Bestellung auf dem gleichen Tablett ab, um sie zu schmelzen!",Les éléments gelés ne peuvent pas être déplacés. Terminez la commande dans le même plateau pour les décongeler !,Gli oggetti congelati non possono essere spostati. Completa l’ordine nello stesso vassoio per scongelarli!,"Замороженные предметы нельзя перемещать. Завершите заказ на том же подносе, чтобы растопить!",รายการที่ถูกแช่แข็งจะไม่สามารถขยับได้ กรุณาทำออเดอร์เดียวกันในถาดเดียวกันเพื่อให้ละลาย!,जमे हुए आइटम नहीं हिला सकते। उसी ट्रे में ऑर्डर पूरा करें ताकि पिघल जाए!
Full,Text,,Full,Đầy,满,가득 참,満タン,Cheio,Lleno,Penuh,Dolu,Voll,Plein,Pieno,Полный,เต็ม,पूरा
German,Text,,German,Tiếng Đức,德语,독일어,ドイツ語,Alemão,Alemán,Jerman,Almanca,Deutsch,Allemand,Tedesco,Немецкий,เยอรมัน,जर्मन
Get cards from card packs and friends to complete sets!,Text,,Get cards from card packs and friends to complete sets!,Nhận thẻ từ gói thẻ và bạn bè để hoàn thành bộ sưu tập!,从卡包和朋友那里获取卡片以完成套装！,카드 팩과 친구에게서 카드를 받아 세트를 완성하세요!,カードパックやフレンドからカードを集めてセットを完成させよう！,Ganhe cartas dos pacotes e amigos para completar conjuntos!,¡Obtén cartas de paquetes y amigos para completar conjuntos!,Dapatkan kartu dari paket kartu dan teman untuk menyelesaikan set!,Kart paketlerinden ve arkadaşlardan kart alarak setleri tamamla!,"Sammle Karten aus Kartensets und von Freunden, um Sets zu vervollständigen!",Obtenez des cartes à partir de packs et d'amis pour compléter les sets !,Ottieni carte dai pacchetti e dagli amici per completare i set!,Получайте карты из наборов и от друзей для завершения коллекций!,รับการ์ดจากแพ็คการ์ดและเพื่อนเพื่อสะสมชุด!,कार्ड पैक और फ्रेंड्स से कार्ड लें और सेट पूरा करें!
Giant Bundle,Text,,Giant Bundle,Gói khổng lồ,巨型礼包,거대 번들,ジャイアントバンドル,Pacote Gigante,Gran paquete,Paket Raksasa,Dev Paket,Riesenpaket,Gros lot,Pacco gigante,Гигантский комплект,ชุดใหญ่,विशाल बंडल
Golden Skewer,Text,,Golden Skewer,Xiên vàng,黄金串,황금 꼬치,ゴールデンスキュア,Espeto de Ouro,Brocheta Dorada,Sate Emas,Altın Şiş,Goldener Spieß,Brochette dorée,Spiedo dorato,Золотой шампур,ไม้เสียบทองคำ,गोल्डन स्क्यूर
Grand Prize,Text,,Grand Prize,Giải thưởng lớn,大奖,대상,グランプリ,Grande Prêmio,Gran Premio,Hadiah Utama,Büyük Ödül,Hauptpreis,Grand prix,Gran Premio,Гран-при,รางวัลใหญ่,ग्रैंड प्राइज़
Grill,Text,,Grill,Vỉ nướng,烤架,그릴,グリル,Grelha,Parrilla,Pemanggang,Izgara,Grill,Gril,Griglia,Гриль,เตาย่าง,ग्रिल
Grill Ribs,Text,,Grill Ribs,Sườn nướng,烤排骨,그릴 립,グリルリブ,Costelas na grelha,Costillas a la parrilla,Iga Panggang,Izgara Kaburga,Gegrillte Rippen,Côtes grillées,Costine alla griglia,Гриль-рёбрышки,ซี่โครงหมูย่าง,ग्रिल रिब्स
Hamburger,Text,,Hamburger,Bánh hamburger,汉堡,햄버거,ハンバーガー,Hambúrguer,Hamburguesa,Hamburger,Hamburger,Hamburger,Hamburger,Hamburger,Гамбургер,แฮมเบอร์เกอร์,हैमबर्गर
Hidden Item,Text,,Hidden Item,Vật phẩm ẩn,隐藏物品,숨겨진 아이템,隠しアイテム,Elemento oculto,Elemento oculto,Barang Tersembunyi,Gizli Öğe,Versteckter Gegenstand,Élément caché,Oggetto nascosto,Скрытый предмет,รายการที่ซ่อนอยู่,छिपा हुआ आइटम
Home,Text,,Home,Trang chủ,主页,홈,ホーム,Início,Inicio,Beranda,Ana Sayfa,Startseite,Accueil,Casa,Домой,หน้าแรก,होम
Honey Cake,Text,,Honey Cake,Bánh mật ong,蜂蜜蛋糕,꿀 케이크,ハニーケーキ,Bolo de Mel,Pastel de miel,Kue Madu,Bal Pastası,Honigkuchen,Gâteau au miel,Torta al miele,Медовый торт,เค้กน้ำผึ้ง,हनी केक
Hot Dog,Text,,Hot Dog,Xúc xích kẹp bánh mì,热狗,핫도그,ホットドッグ,Cachorro-quente,Perro caliente,Hot Dog,Sosisli Sandviç,Hotdog,Hot-dog,Hot Dog,Хот-дог,ฮอทด็อก,हॉट डॉग
Ice Lock,Text,,Ice Lock,Khóa băng,冰锁,얼음 잠금,アイスロック,Trava de Gelo,Candado de Hielo,Kunci Es,Buz Kilidi,Eisschloss,Serrure de glace,Blocco di ghiaccio,Ледяной замок,ล็อคน้ำแข็ง,आइस लॉक
Indonesian,Text,,Indonesian,Tiếng Indonesia,印尼语,인도네시아어,インドネシア語,Indonésio,Indonesio,Indonesian,Endonezce,Indonesisch,Indonésien,Indonesiano,Индонезийский,อินโดนีเซีย,इंडोनेशियाई
Italian,Text,,Italian,Tiếng Ý,意大利语,이탈리아어,イタリア語,Italiano,Italiano,Italia,İtalyanca,Italienisch,Italien,Italiano,Итальянский,อิตาลี,इतालवी
Japanese,Text,,Japanese,Tiếng Nhật,日语,일본어,日本語,Japonês,Japonés,Jepang,Japonca,Japanisch,Japonais,Giapponese,Японский,ภาษาญี่ปุ่น,जापानी
Jelly,Text,,Jelly,Thạch,果冻,젤리,ゼリー,Gelatina,Gelatina,Jeli,Jöle,Gelee,Gelée,Gelatina,Желе,เยลลี่,जेली
Join Us!,Text,,Join Us!,Tham gia cùng chúng tôi!,加入我们,함께하세요!,参加しよう,Participe!,¡Únete!,Bergabunglah!,Bize Katıl!,Mach mit!,Rejoins-nous !,Unisciti a noi!,Присоединяйтесь!,เข้าร่วมกับเรา!,हमसे जुड़ें!
Juice,Text,,Juice,Nước ép,果汁,주스,ジュース,Suco,Jugo,Jus,Jus,Meyve suyu,Saft,Jus,Succo,Сок,น้ำผลไม้
Korean,Text,,Korean,Tiếng Hàn,韩语,한국어,韓国語,Coreano,Coreano,Korea,Korece,Koreanisch,Coréen,Coreano,Корейский,ภาษาเกาหลี,कोरियन
LEVEL FAIL,Text,,LEVEL FAIL,THẤT BẠI,关卡失败,레벨 실패,レベル失敗,FALHA NA FASE,FALLO DE NIVEL,GAGAL LEVEL,SEVİYE BAŞARISIZ,LEVEL FEHLGESCHLAGEN,ÉCHEC DU NIVEAU,LEVEL FALLITO,ПРОВАЛ УРОВНЯ,ไม่ผ่านด่าน,लेवल विफल
Lamb Chops,Text,,Lamb Chops,Sườn cừu,羊排,양갈비,ラムチョップ,Costeletas de cordeiro,Chuletas de cordero,Kambing cincang,Kuzu pirzola,Lammkoteletts,Côtelettes d'agneau,Costolette di agnello,Бараньи отбивные,ซี่โครงแกะ,लैम्ब चॉप्स
Language,Text,,Language,Ngôn ngữ,语言,언어,言語,Idioma,Idioma,Langue,Bahasa,Dil,Sprache,Lingua,Язык,ภาษา,भाषा
LanguageName,Text,,English,Tiếng Việt,中文,한국어,日本語,Português,Español,Bahasa Indonesia,Türkçe,Deutsch,Français,Italiano,Русский,ไทย,हिन्दी
Languages:,Text,,Languages:,Ngôn ngữ:,语言：,언어:,言語：,Idiomas:,Idiomas:,Langues :,Bahasa:,Diller:,Sprachen:,Lingue:,Языки:,ภาษา:,भाषाएँ:
Large Bundle,Text,,Large Bundle,Gói lớn,大型礼包,대형 번들,ラージバンドル,Pacote grande,Gran paquete,Paket Besar,Büyük Paket,Großes Bundle,Gros lot,Grande pacco,Большой комплект,ชุดขนาดใหญ่,बड़ा बंडल
Lavender,Text,,Lavender,Hoa oải hương,薰衣草,라벤더,ラベンダー,Lavanda,Lavanda,Lavender,Lavanta,Lavendel,Lavande,Lavanda,Лаванда,ดอกลาเวนเดอร์,लैवेंडर
Legendary Bundle,Text,,Legendary Bundle,Gói huyền thoại,传奇礼包,전설 번들,レジェンダリーバンドル,Pacote lendário,Paquete legendario,Paket Legendaris,Efsanevi Paket,Legendäres Bundle,Lot légendaire,Pacco leggendario,Легендарный комплект,ชุดในตำนาน,लीजेंडरी बंडल
Less Offers!,Text,,Less Offers!,Thu gọn,更少的优惠！,적은 혜택!,オファーが少ない！,Menos ofertas!,¡Menos ofertas!,Penawaran Lebih Sedikit!,Daha az teklif!,Weniger Angebote!,Moins d'offres !,Meno offerte!,Меньше предложений!,ข้อเสนอน้อยลง!,कम ऑफर!
Level,Text,,Level {[VALUE]},Cấp {[VALUE]},等级 {[VALUE]},레벨 {[VALUE]},レベル {[VALUE]},Nível {[VALUE]},Nivel {[VALUE]},Niveau {[VALUE]},Level {[VALUE]},Seviye {[VALUE]},Level {[VALUE]},Livello {[VALUE]},Уровень {[VALUE]},เลเวล {[VALUE]},लेवल {[VALUE]}
Lidded Tray,Text,,Lidded Tray,Khay có nắp,带盖托盘,뚜껑 있는 트레이,フタ付きトレイ,Bandeja com tampa,Bandeja con tapa,Baki dengan tutup,Kapaklı Tepsi,Tablett mit Deckel,Plateau avec couvercle,Vassoio con coperchio,Лоток с крышкой,ถาดมีฝาปิด,ढक्कन लगी ट्रे
Limited Bundle,Text,,Limited Bundle,Gói giới hạn,限量礼包,한정 번들,限定バンドル,Pacote Limitado,Paquete limitado,Paket Terbatas,Limitli Paket,Limitiertes Bundle,Offre limitée,Pacchetto limitato,Ограниченный комплект,ชุดของขวัญจำกัด,सीमित बंडल
Limited Offer,Text,,Limited Offer,Ưu đãi có giới hạn,限时优惠,한정 혜택,期間限定オファー,Oferta limitada,Oferta Limitada,Penawaran Terbatas,Kısıtlı Teklif,Limitierte Aktion,Offre limitée,Offerta limitata,Ограниченное предложение,ข้อเสนอจำกัด,सीमित ऑफर
Loading,Text,,Loading,Đang tải,加载中,로딩 중,読み込み中,Carregando,Cargando,Memuat,Yükleniyor,Lädt,Chargement,Caricamento,Загрузка,กำลังโหลด,लोड हो रहा है
Loading.,Text,,Loading.,Đang tải.,加载中.,로딩 중.,読み込み中.,Carregando.,Cargando.,Memuat.,Yükleniyor.,Lädt.,Chargement.,Caricamento.,Загрузка.,กำลังโหลด.,लोड हो रहा है.
Loading..,Text,,Loading..,Đang tải..,加载中..,로딩 중..,読み込み中..,Carregando..,Cargando..,Memuat..,Yükleniyor..,Lädt..,Chargement..,Caricamento..,Загрузка..,กำลังโหลด..,लोड हो रहा है..
Loading...,Text,,Loading...,Đang tải...,加载中...,로딩 중...,読み込み中...,Carregando...,Cargando...,Memuat...,Yükleniyor...,Lädt...,Chargement...,Caricamento...,Загрузка...,กำลังโหลด...,लोड हो रहा है...
Lobster,Text,,Lobster,Tôm hùm,龙虾,바닷가재,ロブスター,Lagosta,Langosta,Lobster,Istakoz,Hummer,Homard,Astice,Омар,ล็อบสเตอร์,झींगा मछली
Lock & Key,Text,,Lock & Key,Ổ khóa & Chìa khóa,锁与钥匙,자물쇠와 열쇠,ロック＆キー,Cadeado e chave,Cerradura y llave,Kunci dan Gembok,Kilit & Anahtar,Schloss und Schlüssel,Serrure et clé,Lucchetto e chiave,Замок и ключ,กุญแจและแม่กุญแจ,तालाबंदी और चाबी
Locked Tray,Text,,Locked Tray,Khay bị khóa,被锁定的托盘,잠긴 트레이,ロックされたトレイ,Bandeja bloqueada,Bandeja bloqueada,Baki terkunci,Kilitli tepsi,Gesperrtes Tablett,Plateau verrouillé,Vassoio bloccato,Заблокированный поднос,ถาดถูกล็อก,लॉक किया हुआ ट्रे
Macaron,Text,,Macaron,Bánh macaron,马卡龙,마카롱,マカロン,Macaron,Macaron,Macaron,Macaron,Macaron,Macaron,Macaron,Макарон,มากาฮอง,मॅकरून
Made a mistake? Undo your last move!,Text,,Made a mistake? Undo your last move!,Làm sai rồi? Hoàn tác bước cuối cùng!,出错了吗？撤销上一步操作！,실수했나요? 마지막 동작을 취소하세요!,間違えた？最後の動きを取り消そう！,Cometeu um erro? Desfaça o último movimento!,¿Cometiste un error? ¡Deshaz tu último movimiento!,Apakah Anda membuat kesalahan? Batalkan langkah terakhir!,Hata mı yaptın? Son hamleni geri al!,Fehler gemacht? Rückgängig machen!,Une erreur ? Annulez le dernier coup !,Hai commesso un errore? Annulla l’ultima mossa!,Сделали ошибку? Отмените последний ход!,ผิดพลาด? ยกเลิกการเคลื่อนไหวล่าสุดของคุณ!,गलती की? अपनी अंतिम चाल को पूर्ववत करें!
Max plate reached,Text,,Max plate reached,Đã đạt số lượng đĩa tối đa,达到最大盘数,최대 접시에 도달했습니다,最大プレート数に達しました,Número máximo de pratos atingido,Número máximo de platos alcanzado,Jumlah piring maksimum tercapai,Maksimum tabak sayısına ulaşıldı,Maximale Telleranzahl erreicht,Nombre maximal d’assiettes atteint,Numero massimo di piatti raggiunto,Достигнуто максимальное количество тарелок,ถึงจำนวนจานสูงสุดแล้ว,अधिकतम प्लेट तक पहुँचा गया
Meat,Text,,Meat,Thịt,肉类,고기,肉,Carne,Carne,Daging,Et,Fleisch,Viande,Carne,Мясо,เนื้อ,मांस
Mini Bundle,Text,,Mini Bundle,Gói nhỏ,迷你礼包,미니 번들,ミニバンドル,Pacote Mini,Paquete mini,Mini Paket,Mini Paket,Mini-Bundle,Mini lot,Mini Pacchetto,Мини-комплект,ชุดขนาดเล็ก,मिनी बंडल
Mini Grill,Text,,Mini Grill,Vỉ nướng mini,迷你烤架,미니 그릴,ミニグリル,Mini Grelha,Mini Parrilla,Mini Grill,Mini Izgara,Mini-Grill,Mini Grill,Mini Griglia,Мини-гриль,เตาย่างขนาดเล็ก,मिनी ग्रिल
Mini Tray,Text,,Mini Tray,Khay nhỏ,迷你托盘,미니 트레이,ミニトレイ,Bandeja mini,Bandeja mini,Mini Tray,Mini Tepsi,Mini-Tablett,Mini plateau,Mini Vassoio,Мини-лоток,ถาดขนาดเล็ก,मिनी ट्रे
Mini trays only one item!,Text,,Mini trays only one item!,Khay nhỏ chỉ chứa được một món!,迷你托盘只能放一个物品！,미니 트레이는 하나만 담을 수 있어요!,ミニトレイには1つのアイテムしか置けません！,Mini bandejas só podem conter um item!,¡Las bandejas mini solo pueden contener un objeto!,Mini tray hanya bisa menampung satu item!,Mini tepsilere yalnızca bir öğe konulabilir!,Mini-Tabletts nur für ein Element!,Les mini plateaux ne peuvent contenir qu’un seul objet !,I mini vassoi contengono solo un oggetto!,Мини-подносы могут содержать только один предмет!,ถาดขนาดเล็กใส่ของได้แค่อย่างเดียว!,मिनी ट्रे में केवल एक वस्तु हो सकती है!
More Offers!,Text,,More Offers!,Mở rộng,更多优惠！,더 많은 혜택!,より多くのオファー！,Mais ofertas!,¡Más ofertas!,Lebih banyak penawaran!,Daha fazla teklif!,Mehr Angebote!,Plus d'offres !,Più offerte!,Больше предложений!,ข้อเสนอเพิ่มเติม!,अधिक ऑफर!
More lives,Text,,More lives,Thêm mạng,更多生命,추가 생명,ライフを追加,Mais vidas,Más vidas,Lebih banyak nyawa,Daha fazla can,Mehr Leben,Plus de vies,Più vite,Больше жизней,เพิ่มชีวิต,अधिक जीवन
Music,Text,,Music,Âm nhạc,音乐,음악,音楽,Música,Música,Musik,Müzik,Musik,Musique,Musica,Музыка,ดนตรี,संगीत
New,Text,,New,Mới,新品,신규,新着,Novo,Nuevo,Baru,Yeni,Neu,Nouveau,Nuovo,Новое,ใหม่,नया
New booster unlocked!,Text,,New booster unlocked!,Đã mở khóa vật phẩm tăng cường mới!,新助推器已解锁！,새 부스터가 잠금 해제되었습니다!,新しいブースターがアンロックされました！,Novo impulsionador desbloqueado!,¡Nuevo potenciador desbloqueado!,Booster baru dibuka!,Yeni güçlendirici açıldı!,Neuer Booster freigeschaltet!,Nouveau booster débloqué !,Nuovo potenziamento sbloccato!,Новый бустер разблокирован!,ปลดล็อกบูสเตอร์ใหม่!,नया बूस्टर अनलॉक किया गया!
Next life in:,Text,,Next life in:,Mạng tiếp theo sau:,下一条命在：,다음 생명까지:,次のライフまで：,Próxima vida em:,Próxima vida en:,Nyawa berikutnya dalam:,Sonraki can için kalan süre:,Nächstes Leben in:,Prochaine vie dans :,Prossima vita tra:,Следующая жизнь через:,ชีวิตถัดไปใน:,अगला जीवन:
No items on plate,Text,,No items on plate,Không có món nào trên đĩa,盘子上没有物品,접시에 아이템이 없습니다,皿にアイテムがありません,Nenhum item no prato,No hay objetos en el plato,Tidak ada item di piring,Tabakta öğe yok,Keine Gegenstände auf dem Teller,Aucun objet sur l’assiette,Nessun oggetto sul piatto,На тарелке нет предметов,ไม่มีของบนจาน,प्लेट पर कोई आइटम नहीं है
No more lives left!,Text,,No more lives left!,Hết lượt chơi rồi!,没有生命了！,남은 생명이 없습니다!,ライフがもうありません！,Sem vidas restantes!,¡No te quedan vidas!,Tidak ada nyawa tersisa!,Hiç can kalmadı!,Keine Leben mehr!,Plus de vies !,Vite finite!,Жизни закончились!,ไม่มีชีวิตเหลือแล้ว!,अब और ज़िंदगियाँ नहीं बचीं!
No video available!,Text,,No video available!,Không có video khả dụng!,暂无可用视频！,영상이 없습니다!,利用できる動画がありません！,Nenhum vídeo disponível!,¡No hay video disponible!,Tidak ada video tersedia!,Video mevcut değil!,Kein Video verfügbar!,Aucune vidéo disponible !,Nessun video disponibile!,Нет доступного видео!,ไม่มีวิดีโอให้ดู!,कोई वीडियो उपलब्ध नहीं है!
Noodle,Text,,Noodle,Mì,面条,면,ヌードル,Macarrão,Fideos,Mie,Noodle,Makarna,Nudel,Nouille,Лапша,บะหมี่,नूडल
Not enough coin!,Text,,Not enough coin!,Không đủ xu!,金币不足！,코인이 부족합니다!,コインが足りません！,Moedas insuficientes!,¡Monedas insuficientes!,Koin tidak cukup!,Yeterli para yok!,Nicht genug Münzen!,Pas assez de pièces !,Monete insufficienti!,Недостаточно монет!,เหรียญไม่พอ!,पर्याप्त सिक्के नहीं हैं!
Octochef,Text,,Octochef,Octochef,章鱼厨师,옥토셰프,オクトシェフ,Octochef,Octochef,Octochef,Octochef,Octochef,Octochef,Octochef,Октоповар,ออคโตเชฟ,ऑक्टोशेफ
Octochef moves after each match and blocks the tray it lands on!,Text,,Octochef moves after each match and blocks the tray it lands on!,Octochef di chuyển sau mỗi lượt ghép và chặn khay mà nó đáp xuống!,章鱼厨师每次匹配后都会移动，并阻挡它停留的托盘！,옥토셰프는 매치할 때마다 이동하며 착지한 트레이를 막습니다!,オクトシェフはマッチのたびに移動し、着地したトレイをブロックします！,O Octochef se move após cada combinação e bloqueia a bandeja onde pousa!,¡Octochef se mueve después de cada combinación y bloquea la bandeja en la que cae!,Octochef bergerak setelah setiap pencocokan dan memblokir nampan tempat ia mendarat!,Octochef her eşleşmeden sonra hareket eder ve indiği tepsiyi engeller!,"Octochef bewegt sich nach jedem Match und blockiert das Tablett, auf dem er landet!",Octochef se déplace après chaque correspondance et bloque le plateau sur lequel il atterrit !,Octochef si sposta dopo ogni abbinamento e blocca il vassoio su cui atterra!,"Октоповар перемещается после каждого совпадения и блокирует поднос, на который приземляется!",ออคโตเชฟจะขยับหลังจากจับคู่แต่ละครั้งและบล็อกถาดที่มันตกลงไป!,ऑक्टोशेफ हर मैच के बाद चलता है और जिस ट्रे पर उतरता है उसे ब्लॉक कर देता है!
Octochef!,Text,,Octochef!,Octochef!,章鱼厨师！,옥토셰프!,オクトシェフ！,Octochef!,¡Octochef!,Octochef!,Octochef!,Octochef!,Octochef!,Octochef!,Осьминог-повар!,หมึกเซฟ!,ऑक्टोशेफ!
Octopus,Text,,Octopus,Bạch tuộc,章鱼,문어,タコ,Polvo,Pulpo,Gurita,Ahtapot,Oktopus,Poulpe,Polpo,Осьминог,ปลาหมึกยักษ์,ऑक्टोपस
Off,Text,,{[VALUE]}% Off,Giảm {[VALUE]}%,减 {[VALUE]}%,{[VALUE]}% 할인,{[VALUE]}% オフ,{[VALUE]}% Off,{[VALUE]}% de descuento,Diskon {[VALUE]}%,{[VALUE]}% indirim,{[VALUE]}% Rabatt,-{[VALUE]}%,{[VALUE]}% Off,Скидка {[VALUE]}%,ลด {[VALUE]}%,{[VALUE]}% छूट
"Once all pickup turns are used, the tray will be locked!",Text,,"Once all pickup turns are used, the tray will be locked!","Khi đã nhặt hết lượt, khay sẽ bị khóa!",取完所有次数后，托盘将被锁定！,모든 픽업 턴이 소모되면 트레이가 잠깁니다!,すべての取得回数を使い切るとトレイがロックされます！,"Uma vez que todas as tentativas de coleta sejam usadas, a bandeja será bloqueada!","¡Una vez que se usen todos los turnos de recogida, la bandeja se bloqueará!","Setelah semua giliran pengambilan habis, baki akan terkunci!",Tüm alma hakları kullanıldığında tepsi kilitlenir!,"Sobald alle Abholversuche aufgebraucht sind, wird das Tablett gesperrt!","Une fois tous les tours de ramassage utilisés, le plateau sera verrouillé !","Una volta utilizzati tutti i turni di prelievo, il vassoio verrà bloccato!","Когда все попытки забора исчерпаны, поднос будет заблокирован!",เมื่อใช้โอกาสหยิบครบถ้วนแล้ว ถาดจะถูกล็อค!,सभी पिकअप मोड़ उपयोग हो जाने पर ट्रे लॉक हो जाएगी!
Oven,Text,,Oven,Lò nướng,烤箱,오븐,オーブン,Forno,Horno,Oven,Fırın,Ofen,Four,Forno,Духовка,เตาอบ,ओवन
Over Mitts,Text,,Over Mitts,Găng tay lò nướng,烤箱手套,오븐 장갑,オーブンミット,Luvas de forno,Guantes de horno,Sarung Oven,Fırın Eldiveni,Ofenhandschuhe,Maniques,Guanti da forno,Прихватки,ถุงมือเตาอบ,ओवन मिट
Oyster,Text,,Oyster,Hàu,牡蛎,굴,牡蠣,Ostra,Ostra,Tiram,İstiridye,Auster,Huître,Ostrica,Устрица,หอยนางรม,ऑयस्टर
Pizza,Text,,Pizza,Bánh pizza,比萨,피자,ピザ,Pizza,Pizza,Pizza,Pizza,Pizza,Pizza,Pizza,Пицца,พิซซ่า,पिज्जा
Play,Text,,Play,Chơi,玩,플레이,プレイ,Jogar,Jugar,Mainkan,Oyna,Spielen,Jouer,Gioca,Играть,เล่น,खेलें
Please connect to the internet,Text,,Please connect to the internet,Vui lòng kết nối Internet,请连接到互联网,인터넷에 연결해주세요,インターネットに接続してください,Conecte-se à Internet,Conéctate a Internet,Harap sambungkan ke internet,Lütfen internete bağlanın,Bitte mit dem Internet verbinden,Veuillez vous connecter à Internet,Collegati a Internet,"Пожалуйста, подключитесь к Интернету",กรุณาเชื่อมต่ออินเทอร์เน็ต,कृपया इंटरनेट से जुड़ें
Pork Leg,Text,,Pork Leg,Chân giò heo,猪腿,돼지 다리,豚足,Pernil de porco,Pierna de cerdo,Kaki Babi,Domuz Bacağı,Schweinekeule,Jarret de porc,Coscia di maiale,Свиная ножка,ขาหมู,सुअर का पैर
Pork Skewers,Text,,Pork Skewers,Thịt xiên heo,猪肉串,돼지고기 꼬치,豚串,Espetinho de porco,Brochetas de cerdo,Sate Babi,Domuz Şişi,Schweinespieße,Brochette de porc,Spiedini di maiale,Свиной шашлык,หมูปิ้ง,सूअर के कटे टुकड़ों की सीख
Pretzel,Text,,Pretzel,Bánh xoắn,扭结饼,프레첼,プレッツェル,Pretzel,Pretzel,Pretzel,Pretzel,Brezel,Bretzel,Pretzel,Крендель,เพรทเซล,प्रेट्ज़ेल
Privacy Policy,Text,,Privacy Policy,Chính sách bảo mật,隐私政策,개인정보 보호정책,プライバシーポリシー,Política de Privacidade,Política de privacidad,Kebijakan Privasi,Gizlilik Politikası,Datenschutzrichtlinie,Politique de confidentialité,Politica sulla privacy,Политика конфиденциальности,นโยบายความเป็นส่วนตัว,गोपनीयता नीति
Quit,Text,,Quit,Thoát,退出,나가기,終了,Sair,Salir,Keluar,Çıkış,Beenden,Quitter,Esci,Выйти,ออก,छोड़ें
Rate,Text,,Rate,Đánh giá,评分,평가하기,評価する,Avaliar,Calificar,Nilai,Değerlendir,Bewerten,Noter,Valuta,Оценить,ให้คะแนน,रेट करें
Raw Meat,Text,,Raw Meat,Thịt sống,生肉,생고기,生肉,Carne crua,Carne cruda,Daging Mentah,Çiğ Et,Rohes Fleisch,Viande crue,Carne cruda,Сырое мясо,เนื้อดิบ,कच्चा मांस
Red Velvet,Text,,Red Velvet,Bánh nhung đỏ,红丝绒,레드벨벳,レッドベルベット,Veludo vermelho,Terciopelo rojo,Red Velvet,Red Velvet,Red Velvet,Velours rouge,Red Velvet,Красный бархат,เรดเวลเวต,रेड वेलवेट
Refill,Text,,Refill,Nạp lại,补充,리필,リフィル,Recarregar,Recargar,Isi ulang,Yenile,Nachfüllen,Recharger,Ricarica,Пополнить,เติมใหม่,पुनर्भरण
Refresh all items!,Text,,Refresh all items!,Làm mới tất cả món!,刷新所有物品！,모든 아이템 새로고침!,すべてのアイテムをリフレッシュ！,Atualizar todos os itens!,¡Refresca todos los ítems!,Segarkan semua item!,Tüm ürünleri yenile!,Alle Elemente aktualisieren!,Actualiser tous les objets !,Aggiorna tutti gli articoli!,Обновить все предметы!,รีเฟรชไอเท็มทั้งหมด!,सभी वस्तुएं रीफ़्रेश करें!
Remove an item from the plate,Text,,Remove an item from the plate,Gỡ một món khỏi đĩa,从盘子中移除一个物品,접시에서 아이템 하나 제거,皿からアイテムを取り除く,Remover um item do prato,Remover un elemento del plato,Hapus satu item dari piring,Tabaktan bir ögeyi çıkar,Ein Element vom Teller entfernen,Retirer un objet de l’assiette,Rimuovi un elemento dal piatto,Удалить предмет с тарелки,นำไอเท็มออกจากจาน,प्लेट से एक वस्तु हटाएं
Rescue Pack,Text,,Rescue Pack,Gói cứu trợ,救援包,구조 팩,レスキューパック,Pacote de resgate,Paquete de rescate,Paket Penyelamatan,Kurtarma Paketi,Rettungspaket,Pack de secours,Pacchetto di salvataggio,Спасательный набор,ชุดกู้ภัย,रेस्क्यू पैक
Restore,Text,,Restore,Khôi phục,恢复,복원,復元,Restaurar,Restaurar,Pulihkan,Geri Yükle,Wiederherstellen,Restaurer,Ripristina,Восстановить,กู้คืน,पुनर्स्थापित करें
Restore success!,Text,,Restore success!,Khôi phục thành công!,恢复成功！,복원 성공!,復元成功！,Restauração bem-sucedida!,¡Restauración exitosa!,Pemulihan berhasil!,Geri yükleme başarılı!,Wiederherstellung erfolgreich!,Restauration réussie !,Ripristino riuscito!,Восстановление успешно!,กู้คืนสำเร็จ!,पुनर्स्थापना सफल!
Retry,Text,,Retry,Thử lại,重试,재도전,リトライ,Tentar novamente,Intentar de nuevo,Coba lagi,Yeniden dene,Erneut versuchen,Recommencer,Riprova,Попробовать еще раз,ลองอีกครั้ง,पुनः प्रयास करें
Reward,Text,,Reward,Phần thưởng,奖励,보상,報酬,Recompensa,Recompensa,Hadiah,Ödül,Belohnung,Récompense,Ricompensa,Награда,รางวัล,इनाम
Roast Beef,Text,,Roast Beef,Thịt bò quay,烤牛肉,로스트비프,ローストビーフ,Carne assada,Carne asada,Daging Sapi Panggang,Rosto Sığır Eti,Roastbeef,Rôti de bœuf,Manzo arrosto,Ростбиф,เนื้ออบ,रोस्ट बीफ़
Russian,Text,,Russian,Tiếng Nga,俄语,러시아어,ロシア語,Russo,Ruso,Bahasa Rusia,Rusça,Russisch,Russe,Russo,Русский,รัสเซีย,रूसी
Sale,Text,,{[VALUE]}% Sale,Giảm {[VALUE]}%,特卖 {[VALUE]}%,세일 {[VALUE]}%,セール {[VALUE]}%,Promoção {[VALUE]}%,Venta {[VALUE]}%,Penjualan {[VALUE]}%,Satış {[VALUE]}%,Verkauf {[VALUE]}%,Soldes {[VALUE]}%,Sconto {[VALUE]}%,Распродажа {[VALUE]}%,ลดราคา {[VALUE]}%,बिक्री {[VALUE]}%
Salmon,Text,,Salmon,Cá hồi,三文鱼,연어,サーモン,Salmão,Salmón,Salmon,Somon,Lachs,Saumon,Salmone,Лосось,ปลาแซลมอน,सैल्मन
Sausage,Text,,Sausage,Xúc xích,香肠,소시지,ソーセージ,Salsicha,Salchicha,Sosis,Sucuk,Wurst,Saucisse,Salsiccia,Колбаса,ไส้กรอก,सॉसेज
Scallops,Text,,Scallops,Sò điệp,扇贝,가리비,ホタテ,Vieiras,Vieiras,Kerang,Deniz Tarağı,Jakobsmuscheln,Coquilles Saint-Jacques,Capesante,Морские гребешки,หอยเชลล์,स्कैलप्स
Sea Food,Text,,Sea Food,Hải sản,海鲜,해산물,シーフード,Frutos do mar,Mariscos,Makanan Laut,Deniz Ürünleri,Meeresfrüchte,Fruits de mer,Frutti di mare,Морепродукты,อาหารทะเล,समुद्री भोजन
Secret items hide their color until sorted correctly!,Text,,Secret items hide their color until sorted correctly!,Vật phẩm bí mật sẽ ẩn màu cho đến khi được sắp xếp đúng!,秘密物品会隐藏颜色，直到被正确分类！,비밀 아이템은 올바르게 정렬될 때까지 색을 숨깁니다!,秘密のアイテムは正しく並べるまで色が隠れています！,Itens secretos escondem sua cor até serem organizados corretamente!,¡Los objetos secretos ocultan su color hasta que sean ordenados correctamente!,Item rahasia menyembunyikan warnanya sampai diurutkan dengan benar!,Gizli eşyalar doğru şekilde sıralanana kadar rengini gizler!,"Geheime Gegenstände verbergen ihre Farbe, bis sie richtig sortiert werden!",Les objets secrets cachent leur couleur jusqu'à ce qu'ils soient correctement triés !,Gli oggetti segreti nascondono il loro colore fino a quando non saranno ordinati correttamente!,"Секретные предметы скрывают свой цвет, пока не будут отсортированы правильно!",ไอเท็มลับจะซ่อนสีของมันจนกว่าจะถูกจัดเรียงให้ถูกต้อง!,गुप्त वस्तुएँ तब तक अपना रंग छुपाती हैं जब तक उन्हें सही ढंग से नहीं छांटा जाता है!
Select any item to match,Text,,Select any item to match,Chọn bất kỳ vật phẩm nào để ghép,选择任意物品进行匹配,아이템을 선택하여 매치하세요,アイテムを選んでマッチさせよう,Selecione qualquer item para combinar,Selecciona cualquier objeto para emparejar,Pilih item apa pun untuk dicocokkan,Herhangi bir eşyayı eşleştirmek için seçin,"Ein beliebiges Element auswählen, um es zuzuordnen",Sélectionnez n’importe quel objet à associer,Seleziona qualsiasi oggetto da abbinare,Выберите любой предмет для совпадения,เลือกไอเท็มใดก็ได้เพื่อจับคู่,मेल खाने के लिए कोई भी वस्तु चुनें
Send,Text,,Send,Gửi,发送,보내기,送信,Enviar,Enviar,Kirim,Gönder,Senden,Envoyer,Invia,Отправить,ส่ง,भेजें
Set Completed!,Text,,Set Completed!,Hoàn thành bộ sưu tập!,套装完成,세트 완성!,セット完成,Conjunto Completo!,¡Colección completada!,Set Lengkap!,Set Tamamlandı!,Set abgeschlossen!,Série terminée !,Set completato!,Набор завершён!,ชุดเสร็จสมบูรณ์!,सेट पूरा हुआ!
Settings,Text,,Settings,Cài đặt,设置,설정,設定,Configurações,Configuraciones,Pengaturan,Ayarlar,Einstellungen,Paramètres,Impostazioni,Настройки,การตั้งค่า,सेटिंग्स
Shake,Text,,Shake,Lắc,摇动,흔들기,シェイク,Agitar,Agitar,Goyang,Salla,Schütteln,Secouer,Agita,Встряхнуть,เขย่า,हिलाएं
Shop,Text,,Shop,Cửa hàng,商店,상점,ショップ,Loja,Tienda,Toko,Mağaza,Shop,Magasin,Negozio,Магазин,ร้านค้า,दुकान
Show your love by giving 5 Stars!,Text,,Show your love by giving 5 Stars!,Thể hiện tình yêu của bạn bằng cách tặng 5 sao!,用五星好评展示你的爱！,별 5개로 사랑을 표현해보세요!,5つ星を付けて愛を伝えよう！,Mostre seu amor dando 5 estrelas!,¡Demuestra tu amor dando 5 estrellas!,Tunjukkan cintamu dengan memberi 5 bintang!,Beş Yıldız vererek sevgini göster!,Zeige deine Liebe mit 5 Sternen!,Montrez votre amour en donnant 5 étoiles !,Mostra il tuo amore con 5 stelle!,"Покажите свою любовь, поставив 5 звезд!",แสดงความรักของคุณโดยให้ 5 ดาว!,अपना प्यार दिखाएं - 5 स्टार दें!
Shrimp,Text,,Shrimp,Tôm,虾,새우,エビ,Camarão,Camarón,Udang,Karides,Garnele,Crevette,Gamberetto,Креветка,กุ้ง,झींगा
Shuffle,Text,,Shuffle,Xáo trộn,洗牌,섞기,シャッフル,Embaralhar,Barajar,Aduk,Karıştır,Mischen,Mélanger,Mescolare,Перемешать,สับเปลี่ยน,फेरबदल
Skewer Collection,Text,,Skewer Collection,Bộ sưu tập xiên,串收藏,꼬치 컬렉션,串コレクション,Coleção de Espetinhos,Colección de brochetas,Koleksi Sate,Şiş Koleksiyonu,Spießsammlung,Collection de brochettes,Collezione di spiedini,Коллекция шашлыков,ชุดสะสมไม้เสียบ,स्क्युअर कलेक्शन
Skip,Text,,Skip,Bỏ qua,跳过,건너뛰기,スキップ,Pular,Saltar,Lewati,Atla,Überspringen,Passer,Salta,Пропустить,ข้าม,आगे बढ़ें
So Close!,Text,,So Close!,Suýt nữa thôi!,差一点！,거의 다 왔어요!,もう少し！,Tão perto!,¡Qué cerca!,Hampir saja!,Çok Yaklaştın!,Fast geschafft!,Si près !,Così vicino!,Так близко!,เกือบสำเร็จแล้ว!,बहुत करीब!
Sort items to break ice layers. You can move the items once all the ice is cleared!,Text,,Sort items to break ice layers. You can move the items once all the ice is cleared!,Sắp xếp món để phá lớp băng. Có thể di chuyển món khi băng được phá hết!,排序物品以打破冰层。冰层清除后可移动物品！,아이템을 정리해 얼음을 깨세요. 얼음이 모두 녹으면 이동할 수 있습니다!,アイテムを並べて氷を壊そう。氷がすべて溶けたら動かせます！,Organize os itens para quebrar as camadas de gelo. Você poderá movê-los uma vez que todo o gelo seja destruído!,Ordena los objetos para romper las capas de hielo. Podrás moverlos cuando desaparezca todo el hielo!,Susun item untuk memecahkan lapisan es. Kamu bisa memindahkannya setelah semua es hilang!,Eşyaları buz katmanlarını kıracak şekilde sırala. Bütün buz temizlenince öğeleri hareket ettirebilirsin!,"Sortiere die Elemente, um die Eisschichten zu durchbrechen. Du kannst sie bewegen, wenn das gesamte Eis entfernt wurde!",Triez les objets pour briser les couches de glace. Vous pourrez les déplacer une fois la glace complètement disparue!,Ordina gli oggetti per rompere gli strati di ghiaccio. Puoi spostarli solo dopo aver eliminato tutto il ghiaccio!,"Отсортируйте предметы, чтобы разбить ледяные слои. Перемещать можно, когда весь лед исчезнет!",จัดไอเท็มเพื่อทลายน้ำแข็ง สามารถย้ายได้เมื่อแผ่นน้ำแข็งถูกทำลายทั้งหมด!,आइस लेयर तोड़ने के लिए वस्तुओं को छांटें। जब सारी बर्फ हट जाए तो आप उन्हें हिला सकते हैं।
Sort items to unlock the tray!,Text,,Sort items to unlock the tray!,Sắp xếp các món để mở khay!,整理物品以解锁托盘！,아이템을 정리하여 트레이를 여세요!,アイテムを並べてトレイを解除しよう！,Organize os itens para destravar a bandeja!,Ordena los objetos para desbloquear la bandeja!,Urutkan item untuk membuka baki!,Eşyaları sıralayıp tepsiyi aç!,"Ordne die Gegenstände, um das Tablett zu entsperren!",Triez les objets pour déverrouiller le plateau !,Ordina gli oggetti per sbloccare il vassoio!,"Собери предметы, чтобы открыть поднос!",จัดเรียงของเพื่อปลดล็อกถาด!,आइटम छाँटकर ट्रे अनलॉक करें!
Sort the bomb-tagged item within the number of moves shown on the bomb!,Text,,Sort the bomb-tagged item within the number of moves shown on the bomb!,Sắp xếp món có biểu tượng bom trong số lượt cho phép!,在炸弹显示的步数内排序带炸弹的物品！,폭탄에 표시된 횟수 안에 폭탄 아이템을 정리하세요!,ボムに表示された手数以内にボム付きアイテムを並べよう！,Organize o item marcado com bomba no número de movimentos indicados!,¡Ordena el objeto con bomba en el número de movimientos mostrados!,Susun item bertanda bom dalam jumlah langkah yang ditentukan!,Bombalı etiketi olan öğeyi belirtilen hamle sayısında sırala!,Sortiere den bombenmarkierten Gegenstand innerhalb der durch die Bombe angegebenen Züge!,Triez l'objet marqué de la bombe dans le nombre de déplacements indiqués!,Ordina l’oggetto con la bomba nel numero di mosse indicato!,Отсортируйте предмет с бомбой за указанное количество ходов!,จัดไอเท็มที่มีเครื่องหมายระเบิดให้ครบภายในจำนวนครั้งที่กำหนด!,बम-चिह्नित वस्तु को बम पर दिखाए गए चालों के भीतर छांटें!
Sort the correct items shown on the lid to unlock this tray!,Text,,Sort the correct items shown on the lid to unlock this tray!,Sắp xếp đúng món trên nắp để mở khóa khay này!,按盖子上显示的物品正确排序以解锁托盘！,뚜껑에 표시된 아이템을 맞게 정리해 트레이를 여세요!,フタに表示されたアイテムを正しく並べてこのトレイを解除しよう！,Organize os itens corretos mostrados na tampa para desbloquear esta bandeja!,¡Ordena los objetos mostrados en la tapa para desbloquear esta bandeja!,Susun item yang ditunjukkan pada tutup untuk membuka baki ini!,Kapakta gösterilen doğru ürünleri sıralayıp tepsinin kilidini aç!,"Sortiere die richtigen Gegenstände wie auf dem Deckel angezeigt, um dieses Tablett zu entsperren!",Triez les bons objets indiqués sur le couvercle pour déverrouiller ce plateau !,Ordina i giusti oggetti mostrati sul coperchio per sbloccare il vassoio!,"Отсортируйте нужные предметы, показанные на крышке, чтобы разблокировать этот поднос!",จัดเรียงไอเท็มที่ถูกต้องตามที่แสดงบนฝาเพื่อปลดล็อกถาดนี้!,ढक्कन पर दिखाए गए सही वस्तुओं को छांटें ताकि यह ट्रे अनलॉक हो सके!
Sort the items with matching key to unlock the locked tray!,Text,,Sort the items with matching key to unlock the locked tray!,Sắp xếp đúng vật có chìa khóa để mở khay khóa!,使用匹配钥匙的物品排序以解锁锁定托盘！,열쇠와 일치하는 아이템을 정리해 잠긴 트레이를 여세요!,鍵に対応するアイテムを並べてロックされたトレイを解除しよう！,Organize os itens com chave correspondente para desbloquear a bandeja trancada!,¡Ordena los objetos con llave correspondiente para desbloquear la bandeja bloqueada!,Susun item dengan kunci yang cocok untuk membuka baki terkunci!,Anahtarlı eşyaları sıralayıp kilitli tepsiyi açın!,"Sortiere die Gegenstände mit passendem Schlüssel, um das Tablett zu entsperren!",Triez les objets avec la clé correspondante pour déverrouiller le plateau verrouillé !,Ordina gli oggetti con la chiave corrispondente per sbloccare il vassoio bloccato!,"Отсортируйте предметы с подходящим ключом, чтобы открыть заблокированный поднос!",จัดเรียงไอเท็มที่มีลูกกุญแจให้ตรงกันเพื่อปลดล็อกถาดที่ถูกล็อก!,मिलती हुई चाबी वाली वस्तुओं को छांटें ताकि लॉक की गई ट्रे अनलॉक हो सके!
Sound,Text,,Sound,Âm thanh,声音,사운드,サウンド,Som,Sonido,Suara,Ses,Ton,Son,Suono,Звук,เสียง,ध्वनि
Spanish,Text,,Spanish,Tiếng Tây Ban Nha,西班牙语,스페인어,スペイン語,Espanhol,Español,Bahasa Spanyol,İspanyolca,Spanisch,Espagnol,Spagnolo,Испанский,สเปน,स्पेनिश
Spatula,Text,,Spatula,Xẻng lật,铲子,주걱,スパチュラ,Espátula,Espátula,Spatula,Spatula,Spatel,Spatule,Spatola,Лопатка,พาย,स्पैटुला
Squid,Text,,Squid,Mực,鱿鱼,오징어,イカ,Lula,Calamar,Cumi,Kalamar,Tintenfisch,Calmar,Calamaro,Кальмар,ปลาหมึก,स्क्विड
Star Chest,Text,,Star Chest,Rương sao,星箱,별 상자,スター チェスト,Baú de Estrelas,Cofre de Estrellas,Peti Bintang,Yıldız Sandığı,Sternentruhe,Coffre étoilé,Baule stellare,Сундук со звездами,หีบดาว,सितारा संदूक
Starter,Text,,Starter,Khởi đầu,入门,스타터,スターター,Iniciante,Principiante,Pemula,Başlangıç,Starter,Entrée,Principiante,Начальный,เริ่มต้น,शुरुआत
Starter Bundle,Text,,Starter Bundle,Gói khởi đầu,新手礼包,스타터 번들,スターターバンドル,Pacote Inicial,Paquete Inicial,Paket Pemula,Başlangıç Paketi,Starterpaket,Coffret de Démarrage,Pacchetto Iniziale,Стартовый набор,ชุดเริ่มต้น,प्रारंभिक बंडल
Steak,Text,,Steak,Bít tết,牛排,스테이크,ステーキ,Bife,Bistec,Steak,Biftek,Steak,Steak,Bistecca,Стейк,สเต็ก,स्टेक
Strawberry,Text,,Strawberry,Dâu tây,草莓,딸기,いちご,Morango,Fresa,Stroberi,Çilek,Erdbeere,Fraise,Fragola,Клубника,สตรอว์เบอร์รี่,स्ट्रॉबेरी
Sweets,Text,,Sweets,Đồ ngọt,甜食,과자,スイーツ,Doces,Dulces,Permen,Tatlılar,Süßigkeiten,Bonbons,Dolci,Сладости,ขนมหวาน,मिठाइयाँ
Tacos,Text,,Tacos,Bánh taco,玉米饼,타코,タコス,Tacos,Tacos,Taco,Tako,Tacos,Tacos,Tacos,Тако,ทาโก้,टाको
Tap To Claim,Text,,Tap To Claim,Chạm để nhận,点击领取,탭하여 받기,タップして受け取る,Toque para resgatar,Toca para reclamar,Ketuk untuk klaim,Dokun ve al,"Tippen, um abzuholen",Touchez pour réclamer,Tocca per riscattare,"Нажмите, чтобы получить",แตะเพื่อรับ,टैप करें प्राप्त करने के लिए
Tap To Continue,Text,,Tap To Continue,Chạm để tiếp tục,点击继续,탭하여 계속,タップして続行,Toque para continuar,Toca para continuar,Ketuk untuk melanjutkan,Devam etmek için dokunun,Zum Fortfahren tippen,Touchez pour continuer,Tocca per continuare,"Нажмите, чтобы продолжить",แตะเพื่อดำเนินการต่อ,जारी रखने के लिए टैप करें
Tea Bag,Text,,Tea Bag,Túi trà,茶包,티백,ティーバッグ,Saquinho de Chá,Bolsa de té,Kantong Teh,Çay Poşeti,Teebeutel,Sachet de thé,Bustina di tè,Пакетик чая,ถุงชา,टी बैग
Tea Time,Text,,Tea Time,Giờ trà,茶歇时间,티타임,ティータイム,Hora do Chá,Hora del té,Waktu minum teh,Çay Saati,Teestunde,Heure du thé,Ora del tè,Чаепитие,เวลาน้ำชา,चाय का समय
Thai,Text,,Thai,Tiếng Thái,泰语,태국어,タイ語,Tailandês,Tailandés,Bahasa Thai,Tayca,Thailändisch,Thaï,Tailandese,Тайский,ไทย,थाई
Thank you for your rating!,Text,,Thank you for your rating!,Cảm ơn bạn đã đánh giá!,感谢您的评分！,평가해 주셔서 감사합니다!,評価してくれてありがとう！,Obrigado pela avaliação!,¡Gracias por tu valoración!,Terima kasih atas penilaianmu!,Değerlendirmen için teşekkürler!,Danke für deine Bewertung!,Merci pour votre note !,Grazie per la valutazione!,Спасибо за вашу оценку!,ขอบคุณสำหรับการให้คะแนน!,आपकी रेटिंग के लिए धन्यवाद!
Toaster,Text,,Toaster,Máy nướng bánh mì,烤面包机,토스터,トースター,Torradeira,Tostadora,Pemanggang roti,Ekmek Kızartma Makinesi,Toaster,Grille-pain,Tostapane,Тостер,เครื่องปิ้งขนมปัง,टूस्टर
Trays on conveyor moves continuously!,Text,,Trays on conveyor moves continuously!,Các khay trên băng chuyền di chuyển liên tục!,传送带上的托盘会持续移动！,컨베이어 위의 트레이가 계속 움직입니다!,コンベア上のトレイは動き続けます！,As bandejas na esteira se movem continuamente!,¡Las bandejas en la cinta transportadora se mueven continuamente!,Baki di atas konveyor bergerak terus-menerus!,Konveyör üzerindeki tepsiler sürekli hareket ediyor!,Die Tabletts bewegen sich auf dem Förderband kontinuierlich!,Les plateaux sur le convoyeur bougent en continu !,I vassoi sul nastro trasportatore si muovono continuamente!,Лотки на конвейере двигаются непрерывно!,ถาดบนสายพานเคลื่อนที่อย่างต่อเนื่อง!,कन्वेयर पर ट्रे लगातार चलती रहती है!
Turkish,Text,,Turkish,Tiếng Thổ Nhĩ Kỳ,土耳其语,터키어,トルコ語,Turco,Turco,Bahasa Turki,Türkçe,Türkisch,Turc,Turco,Турецкий,ตุรกี,तुर्की
Ultra Bundle,Text,,Ultra Bundle,Gói tối thượng,终极礼包,울트라 번들,ウルトラバンドル,Pacote Ultra,Paquete Ultra,Bundel Ultra,Ultra Paket,Ultra-Paket,Coffret Ultra,Pacchetto Ultra,Ультра-набор,แพ็คเกจอัลตร้า,अल्ट्रा बंडल
Undo,Text,,Undo,Hoàn tác,撤销,실행 취소,元に戻す,Desfazer,Deshacer,Urungkan,Geri Al,Rückgängig machen,Annuler,Annulla,Отменить,เลิกทำ,पूर्ववत करें
Undo is not available,Text,,Undo is not available,Không thể hoàn tác,无法撤销,실행 취소를 사용할 수 없습니다,元に戻すことはできません,Desfazer não está disponível,Deshacer no está disponible,Urungkan tidak tersedia,Geri alma kullanılamıyor,Rückgängig ist nicht verfügbar,Annuler n’est pas disponible,Annulla non disponibile,Отмена недоступна,ไม่สามารถเลิกทำได้,पूर्ववत उपलब्ध नहीं है
Unlimited life in:,Text,,Unlimited life in:,Sinh mạng không giới hạn sau:,无限生命还剩：,무제한 생명까지:,無制限ライフまで:,Vida ilimitada em:,Vida ilimitada en:,Nyawa tanpa batas dalam:,Sınırsız can için:,Unbegrenztes Leben in:,Vie illimitée dans :,Vita illimitata tra:,Неограниченные жизни через:,ชีวิตไม่จำกัดในอีก:,असीमित जीवन शुरू होने में:
Unlock another plate!,Text,,Unlock another plate!,Mở khóa thêm một đĩa!,解锁另一个盘子！,다른 접시를 잠금 해제하세요!,もう1枚皿をアンロック！,Desbloquear outro prato!,¡Desbloquea otro plato!,Buka piring tambahan!,Başka bir tabak aç!,Schalte einen weiteren Teller frei!,Débloquez une autre assiette !,Sblocca un altro piatto!,Откройте еще одну тарелку!,ปลดล็อกจานอีกใบ!,एक और प्लेट अनलॉक करें!
Unlock another tray!,Text,,Unlock another tray!,Mở khóa thêm một khay!,解锁另一个托盘！,다른 트레이를 잠금 해제하세요!,もう1つトレイをアンロック！,Desbloquear outra bandeja!,¡Desbloquea otra bandeja!,Buka baki tambahan!,Başka bir tepsi aç!,Schalte ein weiteres Tablett frei!,Débloquez un autre plateau !,Sblocca un altro vassoio!,Откройте еще один поднос!,ปลดล็อกถาดอีกใบ!,एक और ट्रे अनलॉक करें!
Unlock at level,Text,,Unlock at level {[VALUE]},Mở khóa ở cấp {[VALUE]},在 {[VALUE]} 级解锁,{[VALUE]} 레벨에서 잠금 해제,{[VALUE]} レベルでアンロック,Desbloquear no nível {[VALUE]},¡Desbloquea al nivel {[VALUE]}!,Buka di level {[VALUE]},{[VALUE]} seviyede açılır,Auf Stufe {[VALUE]} freischalten,Déverrouillez au niveau {[VALUE]},Sblocca al livello {[VALUE]},Откройте на уровне {[VALUE]},ปลดล็อกที่ระดับ {[VALUE]},लेवल {[VALUE]} पर अनलॉक करें
Unlock the tray!,Text,,Unlock the tray!,Mở khóa khay!,解锁托盘！,트레이 잠금 해제!,トレイをアンロック！,Desbloquear a bandeja!,¡Desbloquea la bandeja!,Buka baki!,Tepsiyi aç!,Schalte das Tablett frei!,Déverrouillez le plateau !,Sblocca il vassoio!,Откройте поднос!,ปลดล็อกถาด!,ट्रे अनलॉक करें!
Unlock!,Text,,Unlock!,Mở khóa!,解锁！,잠금 해제!,アンロック！,Desbloquear!,¡Desbloquear!,Buka kunci!,Kilit Aç!,Freischalten!,Déverrouiller!,Sblocca!,Разблокировать!,ปลดล็อก!,अनलॉक करें!
Use your extra stars to open chest!,Text,,Use your extra stars to open chest!,Dùng sao dư để mở rương!,使用多余的星星来打开宝箱！,남은 별을 사용해 상자를 여세요!,余ったスターで宝箱を開けよう！,Use suas estrelas extras para abrir o baú!,¡Usa tus estrellas extra para abrir el cofre!,Gunakan bintang ekstra Anda untuk membuka peti!,Fazladan yıldızlarını sandığı açmak için kullan!,"Benutze zusätzliche Sterne, um die Truhe zu öffnen!",Utilisez vos étoiles supplémentaires pour ouvrir le coffre !,Usa le stelle extra per aprire il forziere!,"Используйте лишние звезды, чтобы открыть сундук!",ใช้ดาวพิเศษเพื่อเปิดหีบ!,अपने अतिरिक्त सितारों का उपयोग करके चेस्ट खोलें!
Vending Tray,Text,,Vending Tray,Khay bán hàng,自动售货托盘,벤딩 트레이,ベンディングトレイ,Bandeja de vendas,Bandeja expendedora,Nampan Penjual,Satış Tepsisi,Verkaufstablett,Plateau de vente,Vassoio distributore,Лоток с товарами,ถาดขายสินค้า,विक्रय ट्रे
Video Bar,Text,,Video Bar,Thanh video,视频栏,비디오 바,ビデオバー,Barra de vídeo,Barra de vídeo,Bilah Video,Video Çubuğu,Videoleiste,Barre vidéo,Barra video,Видеополоса,แถบวิดีโอ,वीडियो बार
Vietnamese,Text,,Vietnamese,Tiếng Việt,越南语,베트남어,ベトナム語,Vietnamita,Vietnamita,Bahasa Vietnam,Vietnamca,Vietnamesisch,Vietnamien,Vietnamita,Вьетнамский,เวียดนาม,वियतनामी
WELL DONE!,Text,,WELL DONE!,Làm tốt lắm!,干得好！,잘했어요!,よくやった！,Muito bem!,¡Bien hecho!,Kerja bagus!,Aferin!,Gut gemacht!,Bien joué !,Ben Fatto!,Молодец!,ทำได้ดีมาก!,शानदार!
Waffle Maker,Text,,Waffle Maker,Máy làm bánh quế,华夫饼机,와플 기계,ワッフルメーカー,Máquina de Waffle,Waflera,Pembuat Wafel,Waffle Makinesi,Waffeleisen,Gaufrier,Macchina per waffle,Вафельница,เครื่องทำวาฟเฟิล,वॉफल मेकर
Watch Ads,Text,,Watch Ads,Xem quảng cáo,观看广告,광고 시청,広告を見る,Assistir Anúncios,Ver anuncios,Tonton Iklan,Reklamları İzle,Werbung ansehen,Regardez les publicités,Guarda gli annunci,Смотреть рекламу,ดูโฆษณา,विज्ञापन देखें
Watch Video,Text,,Watch Video,Xem video,观看视频,영상 시청,動画を見る,Assistir vídeo,Ver video,Tonton Video,Video İzle,Video ansehen,Regarder la vidéo,Guarda video,Посмотреть видео,ดูวิดีโอ,वीडियो देखें
Watch videos,Text,,Watch videos,Xem video,观看视频,영상 시청,動画を見る,Assistir vídeos,Ver videos,Tonton Video,Videoları İzle,Videos ansehen,Regardez les vidéos,Guarda video,Смотреть видео,ดูวิดีโอ,वीडियो देखें
Wine,Text,,Wine,Rượu vang,葡萄酒,와인,ワイン,Vinho,Vino,Anggur,Şarap,Wein,Vin,Vino,Вино,ไวน์,शराब
Wrapped Item,Text,,Wrapped Item,Món được gói,包裹物品,포장된 아이템,包まれたアイテム,Item embrulhado,Objeto envuelto,Item terbungkus,Sarılan Öğe,Verpackter Gegenstand,Objet emballé,Oggetto avvolto,Упакованный предмет,สิ่งของที่ถูกห่อ,लिपटा हुआ आइटम
Wrapped Item!!!,Text,,Wrapped Item!!!,Món được gói!!!,包裹物品！！！,포장된 아이템！！！,包まれたアイテム！！！,Item embrulhado!!!,Objeto envuelto!!!,Item terbungkus!!!,Sarılan Öğe!!!,Verpackter Gegenstand!!!,Objet emballé!!!,Oggetto avvolto!!!,Упакованный предмет!!!,สิ่งของที่ถูกห่อ!!!,लिपटा हुआ आइटम!!!
You don't have enough stars,Text,,You don't have enough stars,Bạn không đủ sao,星星不足,별이 부족합니다,星が足りません,Você não tem estrelas suficientes,No tienes suficientes estrellas,Bintangmu tidak cukup,Yeterince yıldızın yok,Du hast nicht genug Sterne,Vous n’avez pas assez d’étoiles,Non hai abbastanza stelle,Недостаточно звёзд,ดาวไม่พอ!,आपके पास पर्याप्त सितारे नहीं हैं
You have,Text,,You have,Bạn có,你拥有,보유 중,所持,Você tem,Tienes,Anda punya,Sende var,Du hast,Vous avez,Hai,У вас,คุณมี,आपके पास है
You have already received the reward,Text,,You have already received the reward,Bạn đã nhận phần thưởng rồi,您已领取奖励,보상을 이미 받았습니다,報酬はすでに受け取りました,Você já recebeu a recompensa,Ya has recibido la recompensa,Kamu sudah menerima hadiah,Ödülü zaten aldın,Du hast die Belohnung bereits erhalten,Vous avez déjà reçu la récompense,Hai già ricevuto la ricompensa,Вы уже получили награду,คุณได้รับรางวัลแล้ว,आप पहले ही इनाम प्राप्त कर चुके हैं
You will lose a life!,Text,,You will lose a life!,Bạn sẽ mất một mạng!,你会失去一条命！,생명을 잃게 됩니다!,ライフを失います！,Você perderá uma vida!,¡Perderás una vida!,Anda akan kehilangan satu nyawa!,Bir canını kaybedeceksin!,Du wirst ein Leben verlieren!,Vous allez perdre une vie !,Perderai una vita!,Вы потеряете жизнь!,คุณจะเสียหนึ่งชีวิต!,आपकी एक लाइफ चली जाएगी!
You'll miss out on:,Text,,You'll miss out on:,Bạn sẽ bỏ lỡ:,你将错过：,놓치게 됩니다:,見逃します：,Você perderá:,Te lo perderás:,Anda akan melewatkan:,Bunu kaçıracaksın:,Du wirst verpassen:,Vous manquerez :,Ti perderai:,Вы пропустите:,คุณจะพลาด:,आप चूक जाएंगे:
Your lives are full!,Text,,Your lives are full!,Bạn đã đầy sinh mạng!,生命已满！,생명이 모두 회복되었습니다!,ライフが満タンです！,Suas vidas estão cheias!,¡Tus vidas están llenas!,Nyawamu sudah penuh!,Canların dolu!,Dein Leben ist voll!,Vos vies sont pleines !,Le tue vite sono al completo!,У тебя полные жизни!,พลังชีวิตเต็มแล้ว!,आपका जीवन पूरा है!
